day_type,start_hour,Pickup Centroid Latitude,Pickup Centroid Longitude,Dropoff Centroid Latitude,Dropoff Centroid Longitude,group_n,group_id,representative_year,representative_month,representative_day,walkDist,walkTime,transitDist,transitTime,totalDist,totalTime,modes
0,14,41.879,-87.672,41.879,-87.643,139,1025708,2026,4,22,401.0,355.0,2274.0,619.0,2675.0,974s,"{'BUS', 'WALK'}"
0,0,41.885,-87.657,41.915,-87.71,25,53270,2026,4,22,946.0,820.0,6566.0,1279.0,7512.0,2475s,"{'BUS', 'WALK'}"
1,3,41.989,-87.657,41.973,-87.664,9,2688815,2026,4,22,888.0,913.0,1876.0,240.0,2764.0,1153s,"{'SUBWAY', 'WALK'}"
0,12,41.907,-87.665,41.905,-87.65,94,823486,2026,4,25,805.0,680.0,1529.0,290.0,2334.0,971s,"{'BUS', 'WALK'}"
0,13,41.898,-87.654,41.936,-87.652,29,916739,2026,4,22,677.0,575.0,5354.0,1309.0,6031.0,1903s,"{'BUS', 'WALK'}"
1,21,41.744,-87.62,41.744,-87.62,9,3529508,2026,4,26,,,,,,,
0,4,41.871,-87.689,41.893,-87.638,2,498009,2026,4,22,424.0,377.0,7798.0,1447.0,8222.0,2040s,"{'BUS', 'WALK'}"
0,0,41.871,-87.631,41.885,-87.643,288,44772,2026,4,22,1072.0,1024.0,1806.0,390.0,2878.0,1414s,"{'SUBWAY', 'WALK'}"
2,5,41.9,-87.665,41.902,-87.638,8,4280115,2026,4,26,1662.0,1430.0,4043.0,906.0,5705.0,2336s,"{'BUS', 'WALK'}"
0,14,41.77,-87.581,41.703,-87.615,11,987723,2026,4,22,753.0,694.0,9719.0,1628.0,10472.0,2782s,"{'BUS', 'WALK'}"
1,2,41.885,-87.643,41.891,-87.619,224,2551050,2026,4,22,305.0,280.0,2726.0,637.0,3031.0,918s,"{'BUS', 'WALK'}"
1,19,41.905,-87.65,41.879,-87.672,7,3407063,2026,4,22,781.0,679.0,4369.0,1268.0,5150.0,2628s,"{'BUS', 'WALK'}"
0,23,41.868,-87.643,41.849,-87.624,158,2235132,2026,4,26,350.0,344.0,3539.0,861.0,3889.0,1581s,"{'BUS', 'WALK'}"
0,0,41.895,-87.62,41.871,-87.622,207,62323,2026,4,22,816.0,690.0,2659.0,1047.0,3475.0,1737s,"{'BUS', 'WALK'}"
2,4,41.922,-87.651,41.912,-87.684,15,4209664,2026,4,22,505.0,424.0,4278.0,895.0,4783.0,1808s,"{'BUS', 'WALK'}"
2,21,41.909,-87.631,41.891,-87.619,30,4949025,2026,4,22,243.0,219.0,3155.0,1111.0,3398.0,1542s,"{'BUS', 'WALK'}"
0,0,41.898,-87.654,41.9,-87.629,123,63128,2026,4,22,867.0,737.0,3328.0,892.0,4195.0,1629s,"{'BUS', 'WALK'}"
0,0,41.93,-87.724,41.859,-87.617,6,91131,2026,4,22,2126.0,1784.0,11782.0,1754.0,13908.0,3989s,"{'SUBWAY', 'BUS', 'WALK'}"
0,23,41.979,-87.903,41.885,-87.621,4866,2324556,2026,4,26,1570.0,1306.0,29115.0,2811.0,30685.0,4354s,"{'SUBWAY', 'BUS', 'WALK'}"
0,17,41.906,-87.675,41.912,-87.684,18,1407158,2026,4,26,656.0,553.0,1058.0,318.0,1714.0,873s,"{'BUS', 'WALK'}"
0,20,41.879,-87.643,41.893,-87.626,1283,1786410,2026,4,22,398.0,350.0,3015.0,823.0,3413.0,1174s,"{'BUS', 'WALK'}"
1,14,41.87,-87.675,41.859,-87.617,35,3073399,2026,4,25,1369.0,1129.0,5512.0,1312.0,6881.0,2465s,"{'BUS', 'WALK'}"
1,22,41.943,-87.657,41.892,-87.613,16,3674823,2026,4,25,928.0,847.0,8405.0,1550.0,9333.0,2740s,"{'SUBWAY', 'BUS', 'WALK'}"
0,15,41.973,-87.679,41.895,-87.62,53,1204213,2026,4,22,1346.0,1167.0,11781.0,1371.0,13127.0,2893s,"{'BUS', 'WALK'}"
1,19,41.742,-87.63,41.762,-87.63,5,3372645,2026,4,22,274.0,236.0,2721.0,461.0,2995.0,719s,"{'BUS', 'WALK'}"
0,18,41.885,-87.657,41.953,-87.661,9,1517246,2026,4,26,750.0,751.0,9845.0,2482.0,10595.0,3506s,"{'SUBWAY', 'BUS', 'WALK'}"
0,0,41.885,-87.643,41.885,-87.643,254,53782,2026,4,22,,,,,,,
0,18,41.885,-87.621,41.979,-87.903,6770,1518416,2026,4,26,1549.0,1331.0,29126.0,2909.0,30675.0,4531s,"{'SUBWAY', 'BUS', 'WALK'}"
1,3,41.786,-87.751,41.891,-87.619,165,2615381,2026,4,22,762.0,757.0,21360.0,2428.0,22122.0,4357s,"{'SUBWAY', 'BUS', 'WALK'}"
1,13,41.936,-87.671,41.943,-87.641,2,3048199,2026,4,26,843.0,708.0,2719.0,536.0,3562.0,1254s,"{'BUS', 'WALK'}"
1,3,41.936,-87.652,41.922,-87.634,26,2667106,2026,4,22,1203.0,1004.0,1776.0,283.0,2979.0,1288s,"{'BUS', 'WALK'}"
0,13,41.871,-87.622,41.79,-87.601,454,903228,2026,4,25,531.0,429.0,12385.0,1484.0,12916.0,2460s,"{'BUS', 'WALK'}"
0,4,41.893,-87.638,41.92,-87.68,47,511432,2026,4,22,623.0,554.0,6663.0,1466.0,7286.0,2725s,"{'BUS', 'WALK'}"
1,6,41.943,-87.652,41.877,-87.681,3,2887972,2026,4,22,1415.0,1163.0,11590.0,1858.0,13005.0,3344s,"{'SUBWAY', 'BUS', 'WALK'}"
0,0,41.902,-87.638,41.908,-87.671,26,68677,2026,4,22,1004.0,860.0,2428.0,726.0,3432.0,1586s,"{'BUS', 'WALK'}"
2,2,41.899,-87.689,41.893,-87.638,15,4014723,2026,4,22,542.0,469.0,5312.0,1205.0,5854.0,1675s,"{'BUS', 'WALK'}"
0,21,41.879,-87.643,41.893,-87.626,1291,1936086,2026,4,22,398.0,350.0,3015.0,940.0,3413.0,1291s,"{'BUS', 'WALK'}"
2,7,41.893,-87.638,41.931,-87.642,35,4404637,2026,4,25,1660.0,1543.0,5088.0,660.0,6748.0,2206s,"{'SUBWAY', 'WALK'}"
0,18,41.921,-87.71,41.922,-87.664,11,1541166,2026,4,26,895.0,728.0,4013.0,1123.0,4908.0,1880s,"{'BUS', 'WALK'}"
0,18,41.868,-87.643,41.874,-87.662,55,1506337,2026,4,26,1224.0,1035.0,1258.0,223.0,2482.0,1266s,"{'BUS', 'WALK'}"
0,19,41.943,-87.731,41.936,-87.652,8,1690330,2026,4,25,800.0,825.0,7523.0,1609.0,8323.0,2694s,"{'SUBWAY', 'BUS', 'WALK'}"
0,2,41.892,-87.629,41.936,-87.656,86,299195,2026,4,26,728.0,734.0,6709.0,840.0,7437.0,1574s,"{'SUBWAY', 'WALK'}"
2,17,41.728,-87.596,41.907,-87.665,1,4685844,2026,4,22,1182.0,1120.0,25341.0,2631.0,26523.0,4323s,"{'SUBWAY', 'BUS', 'WALK'}"
2,3,41.943,-87.641,41.847,-87.664,2,4134770,2026,4,22,905.0,762.0,13406.0,2379.0,14311.0,3724s,"{'BUS', 'WALK'}"
0,17,41.893,-87.626,41.877,-87.622,842,1399043,2026,4,26,500.0,455.0,1832.0,665.0,2332.0,1122s,"{'BUS', 'WALK'}"
0,20,41.935,-87.744,41.885,-87.684,1,1827686,2026,4,22,957.0,841.0,8142.0,1888.0,9099.0,3018s,"{'BUS', 'WALK'}"
2,1,41.898,-87.654,41.9,-87.632,37,3922387,2026,4,22,798.0,698.0,3155.0,827.0,3953.0,1526s,"{'BUS', 'WALK'}"
0,3,41.885,-87.657,41.893,-87.626,3618,402809,2026,4,22,1120.0,935.0,2819.0,579.0,3939.0,1519s,"{'BUS', 'WALK'}"
1,20,41.945,-87.662,41.893,-87.626,17,3506764,2026,4,26,630.0,686.0,7964.0,930.0,8594.0,1883s,"{'SUBWAY', 'WALK'}"
1,17,41.742,-87.63,41.742,-87.63,64,3233736,2026,4,22,,,,,,,
1,23,41.943,-87.641,41.916,-87.675,8,3767428,2026,4,22,675.0,571.0,5835.0,1546.0,6510.0,2626s,"{'BUS', 'WALK'}"
2,2,41.893,-87.653,41.893,-87.626,113,4011444,2026,4,22,606.0,510.0,3278.0,909.0,3884.0,1465s,"{'BUS', 'WALK'}"
0,16,41.864,-87.693,41.854,-87.694,8,1261995,2026,4,22,530.0,462.0,955.0,264.0,1485.0,727s,"{'BUS', 'WALK'}"
1,5,41.922,-87.656,41.972,-87.686,3,2816658,2026,4,22,774.0,649.0,7993.0,1433.0,8767.0,2965s,"{'BUS', 'WALK'}"
2,15,41.881,-87.633,41.871,-87.631,50,4600905,2026,4,22,752.0,648.0,586.0,427.0,1338.0,1126s,"{'BUS', 'WALK'}"
0,3,41.979,-87.903,41.885,-87.621,4444,463655,2026,4,22,2227.0,1912.0,28190.0,2550.0,30417.0,4462s,"{'SUBWAY', 'WALK'}"
1,17,41.935,-87.64,41.951,-87.676,3,3277434,2026,4,22,464.0,418.0,4957.0,1297.0,5421.0,2270s,"{'BUS', 'WALK'}"
0,12,41.893,-87.626,41.885,-87.657,1445,817578,2026,4,25,944.0,806.0,2629.0,510.0,3573.0,1317s,"{'BUS', 'WALK'}"
1,6,41.837,-87.653,41.885,-87.621,4,2852752,2026,4,22,2014.0,1806.0,8634.0,1170.0,10648.0,2977s,"{'SUBWAY', 'WALK'}"
2,0,41.929,-87.651,41.936,-87.656,43,3850899,2026,4,22,890.0,753.0,436.0,151.0,1326.0,916s,"{'BUS', 'WALK'}"
2,12,41.958,-87.692,41.879,-87.643,1,4525607,2026,4,25,1067.0,981.0,19622.0,2445.0,20689.0,3640s,"{'SUBWAY', 'BUS', 'WALK'}"
0,20,41.908,-87.627,41.892,-87.632,152,1810675,2026,4,22,484.0,413.0,1813.0,580.0,2297.0,1021s,"{'BUS', 'WALK'}"
0,10,41.915,-87.632,41.893,-87.638,26,731544,2026,4,26,960.0,847.0,2338.0,452.0,3298.0,1300s,"{'BUS', 'WALK'}"
0,16,41.895,-87.62,41.885,-87.657,711,1279719,2026,4,22,1105.0,948.0,3109.0,803.0,4214.0,1751s,"{'BUS', 'WALK'}"
2,21,41.893,-87.626,41.891,-87.619,132,4941995,2026,4,22,842.0,741.0,0.0,0.0,842.0,741s,{'WALK'}
0,3,41.885,-87.657,41.871,-87.631,1063,402756,2026,4,22,1244.0,1205.0,4191.0,660.0,5435.0,1868s,"{'SUBWAY', 'WALK'}"
0,17,41.87,-87.675,41.786,-87.751,155,1383464,2026,4,22,911.0,911.0,15883.0,2048.0,16794.0,4165s,"{'SUBWAY', 'BUS', 'WALK'}"
0,23,41.861,-87.701,41.82,-87.601,1,2232001,2026,4,26,971.0,854.0,14802.0,3056.0,15773.0,4264s,"{'BUS', 'WALK'}"
2,15,42.005,-87.663,41.943,-87.701,5,4630623,2026,4,22,1417.0,1289.0,11223.0,1988.0,12640.0,3735s,"{'SUBWAY', 'BUS', 'WALK'}"
0,0,41.885,-87.621,41.885,-87.657,6096,54421,2026,4,22,491.0,428.0,3363.0,1200.0,3854.0,1628s,"{'BUS', 'WALK'}"
0,14,41.928,-87.751,41.892,-87.67,11,1055704,2026,4,22,642.0,538.0,8615.0,1972.0,9257.0,2831s,"{'BUS', 'WALK'}"
2,1,41.859,-87.617,41.82,-87.621,5,3906666,2026,4,22,1297.0,1090.0,4599.0,954.0,5896.0,2046s,"{'BUS', 'WALK'}"
0,14,41.877,-87.745,41.893,-87.638,6,1023606,2026,4,22,168.0,159.0,12087.0,3061.0,12255.0,3488s,"{'BUS', 'WALK'}"
0,0,41.885,-87.643,41.912,-87.675,85,53857,2026,4,22,461.0,399.0,4196.0,1147.0,4657.0,1565s,"{'BUS', 'WALK'}"
0,18,41.907,-87.665,41.881,-87.633,74,1533958,2026,4,26,910.0,772.0,3944.0,881.0,4854.0,1653s,"{'BUS', 'WALK'}"
1,20,41.946,-87.654,41.915,-87.632,26,3507025,2026,4,26,468.0,414.0,3622.0,941.0,4090.0,1355s,"{'BUS', 'WALK'}"
0,14,41.973,-87.694,41.983,-87.877,3,1080553,2026,4,22,3270.0,2766.0,17125.0,1905.0,20395.0,5873s,"{'SUBWAY', 'BUS', 'WALK'}"
0,14,41.902,-87.638,41.895,-87.62,309,1041261,2026,4,22,103.0,96.0,2234.0,776.0,2337.0,1231s,"{'BUS', 'WALK'}"
1,5,41.892,-87.629,41.859,-87.617,134,2799555,2026,4,22,1429.0,1205.0,3926.0,965.0,5355.0,2171s,"{'BUS', 'WALK'}"
0,1,41.871,-87.631,41.893,-87.638,298,171442,2026,4,22,1379.0,1253.0,3380.0,630.0,4759.0,1884s,"{'SUBWAY', 'WALK'}"
0,10,41.943,-87.657,41.786,-87.751,39,734135,2026,4,26,1229.0,1130.0,27960.0,3211.0,29189.0,5309s,"{'SUBWAY', 'BUS', 'WALK'}"
2,0,41.906,-87.631,41.879,-87.643,35,3835859,2026,4,22,621.0,553.0,3931.0,1110.0,4552.0,1666s,"{'BUS', 'WALK'}"
2,2,41.79,-87.601,41.791,-87.594,81,3987158,2026,4,22,766.0,630.0,0.0,0.0,766.0,630s,{'WALK'}
0,22,41.871,-87.631,41.893,-87.626,363,2083237,2026,4,22,996.0,944.0,1964.0,360.0,2960.0,1304s,"{'SUBWAY', 'WALK'}"
0,23,41.895,-87.62,41.877,-87.622,440,2257031,2026,4,26,389.0,358.0,2726.0,1046.0,3115.0,1405s,"{'BUS', 'WALK'}"
2,22,41.928,-87.705,41.893,-87.626,14,5016065,2026,4,26,1073.0,968.0,10917.0,1320.0,11990.0,2577s,"{'SUBWAY', 'WALK'}"
0,0,41.893,-87.638,41.892,-87.632,1329,60904,2026,4,22,628.0,572.0,0.0,0.0,628.0,573s,{'WALK'}
0,13,41.893,-87.626,41.885,-87.621,1426,915297,2026,4,22,650.0,588.0,862.0,356.0,1512.0,946s,"{'BUS', 'WALK'}"
1,4,41.885,-87.657,41.936,-87.656,159,2718237,2026,4,22,730.0,849.0,8686.0,1200.0,9416.0,2359s,"{'SUBWAY', 'WALK'}"
0,15,41.892,-87.629,41.728,-87.576,1,1157396,2026,4,22,381.0,359.0,20120.0,2460.0,20501.0,3177s,"{'BUS', 'WALK'}"
2,14,41.899,-87.626,41.979,-87.903,524,4566871,2026,4,22,1904.0,1681.0,31019.0,3210.0,32923.0,5122s,"{'SUBWAY', 'WALK'}"
0,23,41.885,-87.657,41.893,-87.626,2535,2247270,2026,4,26,1120.0,935.0,2819.0,630.0,3939.0,1570s,"{'BUS', 'WALK'}"
0,5,41.786,-87.751,41.871,-87.622,321,572953,2026,4,22,1748.0,1526.0,19063.0,1985.0,20811.0,4485s,"{'SUBWAY', 'BUS', 'WALK'}"
0,23,41.979,-87.903,41.963,-87.684,43,2324800,2026,4,26,1659.0,1381.0,19573.0,2096.0,21232.0,3802s,"{'SUBWAY', 'BUS', 'WALK'}"
0,21,41.868,-87.643,41.893,-87.638,212,1926868,2026,4,22,1005.0,882.0,2582.0,884.0,3587.0,1768s,"{'BUS', 'WALK'}"
2,9,41.931,-87.642,41.943,-87.641,10,4481789,2026,4,25,1630.0,1365.0,0.0,0.0,1630.0,1365s,{'WALK'}
2,4,41.92,-87.751,41.95,-87.644,1,4206795,2026,4,22,1558.0,1377.0,10918.0,1911.0,12476.0,3599s,"{'SUBWAY', 'BUS', 'WALK'}"
0,23,41.885,-87.657,41.881,-87.633,3326,2247238,2026,4,26,803.0,712.0,2188.0,535.0,2991.0,1247s,"{'BUS', 'WALK'}"
0,4,41.892,-87.632,41.871,-87.622,1038,509175,2026,4,22,835.0,715.0,2576.0,671.0,3411.0,1776s,"{'BUS', 'WALK'}"
0,8,41.936,-87.656,41.946,-87.654,1,704236,2026,4,26,1249.0,1064.0,0.0,0.0,1249.0,1063s,{'WALK'}
1,23,41.892,-87.629,41.859,-87.617,218,3734274,2026,4,25,983.0,875.0,3759.0,721.0,4742.0,1826s,"{'SUBWAY', 'BUS', 'WALK'}"
0,16,41.979,-87.903,41.965,-87.743,5,1325898,2026,4,22,1962.0,1628.0,14662.0,1110.0,16624.0,2739s,"{'SUBWAY', 'WALK'}"
0,16,41.879,-87.657,41.891,-87.619,202,1269614,2026,4,22,559.0,503.0,4496.0,1201.0,5055.0,2289s,"{'BUS', 'WALK'}"
1,20,41.9,-87.632,41.886,-87.699,1,3483807,2026,4,22,318.0,268.0,8460.0,2702.0,8778.0,3237s,"{'BUS', 'WALK'}"
2,2,41.979,-87.903,41.885,-87.657,152,4059623,2026,4,22,2765.0,2334.0,26195.0,2310.0,28960.0,4644s,"{'SUBWAY', 'WALK'}"
0,2,41.892,-87.632,41.871,-87.631,874,298476,2026,4,26,509.0,412.0,1992.0,841.0,2501.0,1331s,"{'BUS', 'WALK'}"
0,22,41.953,-87.653,41.929,-87.651,34,2152849,2026,4,22,871.0,748.0,2437.0,721.0,3308.0,1473s,"{'BUS', 'WALK'}"
0,5,41.868,-87.643,41.895,-87.62,26,581590,2026,4,22,526.0,458.0,4885.0,1096.0,5411.0,2101s,"{'BUS', 'WALK'}"
0,13,41.963,-87.713,41.92,-87.761,32,951425,2026,4,22,511.0,468.0,8377.0,1972.0,8888.0,2786s,"{'BUS', 'WALK'}"
0,13,41.979,-87.903,41.892,-87.629,497,957833,2026,4,22,1565.0,1290.0,29004.0,2937.0,30569.0,4450s,"{'SUBWAY', 'BUS', 'WALK'}"
1,17,41.983,-87.658,41.922,-87.634,1,3294120,2026,4,22,405.0,456.0,8035.0,1625.0,8440.0,2341s,"{'SUBWAY', 'BUS', 'WALK'}"
2,6,41.907,-87.636,41.891,-87.619,169,4355561,2026,4,26,632.0,582.0,2534.0,578.0,3166.0,1449s,"{'BUS', 'WALK'}"
0,21,41.87,-87.675,41.868,-87.643,362,1928190,2026,4,22,519.0,430.0,2906.0,982.0,3425.0,1424s,"{'BUS', 'WALK'}"
0,2,41.899,-87.626,41.859,-87.617,418,305130,2026,4,26,899.0,715.0,4991.0,1691.0,5890.0,2407s,"{'BUS', 'WALK'}"
0,13,41.877,-87.622,41.893,-87.626,115,906205,2026,4,25,466.0,403.0,1701.0,554.0,2167.0,958s,"{'BUS', 'WALK'}"
2,5,41.906,-87.675,41.941,-87.676,13,4282988,2026,4,26,1542.0,1304.0,3686.0,766.0,5228.0,2071s,"{'BUS', 'WALK'}"
0,17,41.892,-87.665,41.906,-87.675,22,1396580,2026,4,26,1074.0,918.0,1771.0,399.0,2845.0,1331s,"{'BUS', 'WALK'}"
2,22,41.77,-87.581,41.859,-87.617,3,4983954,2026,4,26,1790.0,1489.0,14241.0,1317.0,16031.0,3165s,"{'BUS', 'WALK'}"
1,3,41.892,-87.613,41.868,-87.643,26,2639684,2026,4,22,1482.0,1256.0,3812.0,992.0,5294.0,2249s,"{'BUS', 'WALK'}"
0,3,41.885,-87.621,41.899,-87.626,658,403996,2026,4,22,648.0,520.0,1476.0,501.0,2124.0,1021s,"{'BUS', 'WALK'}"
1,0,41.95,-87.644,41.935,-87.64,15,2412929,2026,4,25,213.0,181.0,1765.0,448.0,1978.0,650s,"{'BUS', 'WALK'}"
2,11,41.891,-87.619,41.859,-87.617,70,4504735,2026,4,25,1478.0,1244.0,3749.0,805.0,5227.0,2098s,"{'BUS', 'WALK'}"
1,7,41.905,-87.65,41.885,-87.621,86,2917912,2026,4,22,1626.0,1493.0,4144.0,510.0,5770.0,2003s,"{'SUBWAY', 'WALK'}"
0,19,41.755,-87.61,41.964,-87.652,1,1598796,2026,4,25,1175.0,1024.0,27885.0,3234.0,29060.0,4774s,"{'SUBWAY', 'BUS', 'WALK'}"
1,5,41.881,-87.633,41.958,-87.672,11,2794489,2026,4,22,977.0,912.0,13325.0,2040.0,14302.0,2952s,"{'SUBWAY', 'WALK'}"
0,12,41.791,-87.583,41.786,-87.751,101,794958,2026,4,25,573.0,458.0,17280.0,3151.0,17853.0,4361s,"{'BUS', 'WALK'}"
1,7,41.943,-87.718,41.881,-87.633,6,2931563,2026,4,22,1115.0,1033.0,11262.0,1260.0,12377.0,2293s,"{'SUBWAY', 'WALK'}"
2,0,41.864,-87.693,41.844,-87.683,2,3815869,2026,4,22,583.0,520.0,2870.0,510.0,3453.0,1314s,"{'BUS', 'WALK'}"
1,1,41.899,-87.626,41.881,-87.633,248,2472117,2026,4,25,674.0,594.0,2544.0,698.0,3218.0,1293s,"{'BUS', 'WALK'}"
1,20,41.929,-87.636,41.891,-87.619,50,3498553,2026,4,22,929.0,793.0,4670.0,1217.0,5599.0,2038s,"{'BUS', 'WALK'}"
0,22,41.885,-87.657,41.859,-87.617,960,2092906,2026,4,22,1229.0,1108.0,5358.0,1021.0,6587.0,2470s,"{'SUBWAY', 'BUS', 'WALK'}"
2,16,41.929,-87.636,41.877,-87.622,11,4665902,2026,4,22,1044.0,883.0,6094.0,1822.0,7138.0,2706s,"{'BUS', 'WALK'}"
2,5,41.885,-87.643,41.893,-87.638,261,4270372,2026,4,26,1005.0,869.0,1252.0,293.0,2257.0,1164s,"{'BUS', 'WALK'}"
1,2,41.967,-87.694,41.953,-87.646,3,2596735,2026,4,22,264.0,375.0,5471.0,957.0,5735.0,2104s,"{'SUBWAY', 'BUS', 'WALK'}"
0,16,41.973,-87.694,41.983,-87.877,6,1323487,2026,4,22,3323.0,2784.0,16295.0,2168.0,19618.0,6070s,"{'SUBWAY', 'BUS', 'WALK'}"
2,6,41.949,-87.652,41.965,-87.703,5,4377773,2026,4,25,624.0,622.0,7617.0,990.0,8241.0,2248s,"{'SUBWAY', 'WALK'}"
0,12,41.891,-87.619,41.979,-87.903,4083,815319,2026,4,25,1562.0,1379.0,28560.0,2931.0,30122.0,4635s,"{'SUBWAY', 'BUS', 'WALK'}"
2,20,41.783,-87.608,41.859,-87.617,4,4862729,2026,4,22,1495.0,1232.0,9572.0,1808.0,11067.0,3040s,"{'BUS', 'WALK'}"
1,18,41.892,-87.632,41.898,-87.621,154,3327896,2026,4,22,837.0,749.0,874.0,401.0,1711.0,1150s,"{'BUS', 'WALK'}"
0,21,41.859,-87.617,41.856,-87.66,84,1923060,2026,4,22,1673.0,1382.0,3345.0,848.0,5018.0,2249s,"{'BUS', 'WALK'}"
1,1,41.871,-87.622,41.881,-87.633,278,2458205,2026,4,25,645.0,536.0,1963.0,516.0,2608.0,1053s,"{'BUS', 'WALK'}"
2,3,41.938,-87.639,41.943,-87.652,45,4130987,2026,4,22,585.0,483.0,1210.0,301.0,1795.0,785s,"{'BUS', 'WALK'}"
1,16,41.879,-87.643,41.912,-87.675,14,3188543,2026,4,22,855.0,745.0,4484.0,1083.0,5339.0,1876s,"{'BUS', 'WALK'}"
1,0,41.801,-87.585,41.79,-87.601,141,2352844,2026,4,25,294.0,241.0,2773.0,661.0,3067.0,902s,"{'BUS', 'WALK'}"
2,0,41.898,-87.654,41.9,-87.67,29,3829825,2026,4,22,868.0,728.0,1174.0,277.0,2042.0,1013s,"{'BUS', 'WALK'}"
0,22,41.879,-87.657,41.892,-87.632,727,2089121,2026,4,22,488.0,457.0,3037.0,1224.0,3525.0,2169s,"{'BUS', 'WALK'}"
0,16,41.739,-87.689,41.725,-87.619,2,1223785,2026,4,22,1273.0,1099.0,6603.0,1263.0,7876.0,2677s,"{'BUS', 'WALK'}"
0,2,41.906,-87.631,41.885,-87.643,139,310457,2026,4,26,548.0,600.0,4401.0,856.0,4949.0,1853s,"{'SUBWAY', 'BUS', 'WALK'}"
0,19,41.859,-87.617,41.885,-87.643,510,1633797,2026,4,25,1857.0,1695.0,4943.0,840.0,6800.0,2535s,"{'SUBWAY', 'WALK'}"
1,0,41.79,-87.601,41.806,-87.604,34,2350309,2026,4,25,694.0,569.0,1829.0,436.0,2523.0,1006s,"{'BUS', 'WALK'}"
2,13,41.881,-87.633,41.879,-87.643,157,4536182,2026,4,22,544.0,484.0,446.0,183.0,990.0,668s,"{'BUS', 'WALK'}"
0,0,41.906,-87.675,41.915,-87.632,212,71105,2026,4,22,1158.0,960.0,3528.0,1028.0,4686.0,2004s,"{'BUS', 'WALK'}"
0,19,41.967,-87.652,41.942,-87.661,2,1705105,2026,4,25,1820.0,1541.0,2962.0,390.0,4782.0,1932s,"{'SUBWAY', 'WALK'}"
2,2,41.931,-87.642,41.946,-87.654,51,4035521,2026,4,22,522.0,432.0,1742.0,511.0,2264.0,943s,"{'BUS', 'WALK'}"
2,21,41.943,-87.652,41.892,-87.632,42,4962376,2026,4,22,943.0,874.0,6713.0,870.0,7656.0,1745s,"{'SUBWAY', 'WALK'}"
0,18,41.979,-87.903,41.885,-87.621,6402,1573550,2026,4,25,2227.0,1912.0,28148.0,2550.0,30375.0,4462s,"{'SUBWAY', 'WALK'}"
0,14,41.892,-87.632,41.915,-87.654,50,1033499,2026,4,22,1083.0,1071.0,3379.0,420.0,4462.0,1491s,"{'SUBWAY', 'WALK'}"
0,14,41.885,-87.657,41.915,-87.654,56,1029327,2026,4,22,964.0,979.0,6702.0,1020.0,7666.0,2339s,"{'SUBWAY', 'WALK'}"
0,21,42.009,-87.673,42.005,-87.659,22,2021557,2026,4,22,638.0,536.0,1033.0,528.0,1671.0,1064s,"{'BUS', 'WALK'}"
2,3,41.9,-87.629,41.893,-87.638,157,4106877,2026,4,22,727.0,617.0,892.0,251.0,1619.0,869s,"{'BUS', 'WALK'}"
1,17,41.891,-87.619,41.951,-87.667,11,3257378,2026,4,22,462.0,401.0,10526.0,2620.0,10988.0,3525s,"{'BUS', 'WALK'}"
2,5,41.859,-87.617,41.906,-87.631,82,4262509,2026,4,26,1558.0,1369.0,5269.0,727.0,6827.0,2315s,"{'SUBWAY', 'BUS', 'WALK'}"
0,21,41.943,-87.643,41.879,-87.643,63,1989115,2026,4,22,533.0,453.0,8901.0,2983.0,9434.0,3443s,"{'BUS', 'WALK'}"
1,4,41.881,-87.633,41.885,-87.657,1032,2716709,2026,4,22,746.0,773.0,1848.0,240.0,2594.0,1013s,"{'SUBWAY', 'WALK'}"
2,12,41.913,-87.775,42.006,-87.902,1,4521980,2026,4,25,1985.0,1681.0,26666.0,3499.0,28651.0,5884s,"{'BUS', 'WALK'}"
1,5,41.943,-87.647,41.973,-87.657,37,2829193,2026,4,22,564.0,470.0,3681.0,676.0,4245.0,1147s,"{'BUS', 'WALK'}"
2,15,41.95,-87.702,41.905,-87.65,2,4621360,2026,4,22,1002.0,958.0,9883.0,1452.0,10885.0,2966s,"{'SUBWAY', 'BUS', 'WALK'}"
1,3,41.942,-87.661,41.958,-87.676,5,2669388,2026,4,22,967.0,944.0,2865.0,360.0,3832.0,1304s,"{'SUBWAY', 'WALK'}"
1,3,41.893,-87.653,41.922,-87.651,15,2640378,2026,4,22,362.0,318.0,4220.0,1092.0,4582.0,1410s,"{'BUS', 'WALK'}"
0,22,41.885,-87.621,41.871,-87.622,830,2094185,2026,4,22,426.0,339.0,3231.0,1035.0,3657.0,1374s,"{'BUS', 'WALK'}"
1,0,41.922,-87.656,41.922,-87.634,38,2394507,2026,4,25,1105.0,908.0,1598.0,372.0,2703.0,1289s,"{'BUS', 'WALK'}"
0,15,41.774,-87.693,41.813,-87.604,2,1113536,2026,4,22,592.0,493.0,12260.0,2273.0,12852.0,3072s,"{'BUS', 'WALK'}"
0,12,41.893,-87.626,41.895,-87.62,323,817602,2026,4,25,679.0,599.0,0.0,0.0,679.0,599s,{'WALK'}
0,15,41.748,-87.649,41.664,-87.637,12,1104566,2026,4,22,630.0,530.0,10023.0,1715.0,10653.0,2254s,"{'BUS', 'WALK'}"
2,1,41.849,-87.624,41.868,-87.643,26,3904001,2026,4,22,258.0,222.0,3569.0,943.0,3827.0,1757s,"{'BUS', 'WALK'}"
0,14,41.859,-87.617,41.868,-87.643,716,1016148,2026,4,22,1240.0,1028.0,2494.0,850.0,3734.0,1879s,"{'BUS', 'WALK'}"
1,18,41.922,-87.641,41.871,-87.631,4,3342199,2026,4,22,647.0,530.0,5495.0,2113.0,6142.0,2707s,"{'BUS', 'WALK'}"
2,4,41.859,-87.617,41.958,-87.692,8,4176404,2026,4,22,1335.0,1120.0,15634.0,3261.0,16969.0,4903s,"{'BUS', 'WALK'}"
2,0,41.936,-87.652,41.916,-87.641,9,3856149,2026,4,22,1041.0,1010.0,3801.0,510.0,4842.0,1522s,"{'SUBWAY', 'WALK'}"
1,0,41.908,-87.671,41.898,-87.77,5,2386801,2026,4,25,1168.0,981.0,8344.0,1686.0,9512.0,2708s,"{'BUS', 'WALK'}"
0,13,41.893,-87.638,41.935,-87.64,33,915016,2026,4,22,351.0,330.0,6517.0,1543.0,6868.0,2086s,"{'BUS', 'WALK'}"
0,22,41.881,-87.633,41.979,-87.903,6216,2090674,2026,4,22,1733.0,1554.0,28445.0,2820.0,30178.0,4375s,"{'SUBWAY', 'WALK'}"
1,20,41.885,-87.657,41.892,-87.689,17,3474828,2026,4,22,831.0,710.0,2712.0,572.0,3543.0,1285s,"{'BUS', 'WALK'}"
2,20,41.922,-87.651,41.871,-87.622,9,4892275,2026,4,22,1195.0,937.0,7687.0,1168.0,8882.0,2331s,"{'SUBWAY', 'BUS', 'WALK'}"
0,1,41.798,-87.599,41.765,-87.564,1,153096,2026,4,22,619.0,521.0,6655.0,1503.0,7274.0,2708s,"{'BUS', 'WALK'}"
2,23,41.899,-87.626,41.777,-87.693,1,5066218,2026,4,26,707.0,757.0,17192.0,1857.0,17899.0,3749s,"{'SUBWAY', 'BUS', 'WALK'}"
0,16,41.891,-87.619,41.922,-87.634,242,1275094,2026,4,22,723.0,612.0,3795.0,860.0,4518.0,1472s,"{'BUS', 'WALK'}"
0,5,41.856,-87.66,41.921,-87.705,10,579404,2026,4,22,1032.0,1016.0,11703.0,1718.0,12735.0,3319s,"{'SUBWAY', 'BUS', 'WALK'}"
0,21,41.898,-87.621,41.885,-87.621,861,1950350,2026,4,22,759.0,667.0,1527.0,688.0,2286.0,1355s,"{'BUS', 'WALK'}"
2,15,41.892,-87.613,41.902,-87.638,7,4604026,2026,4,22,340.0,285.0,3086.0,851.0,3426.0,1582s,"{'BUS', 'WALK'}"
0,0,41.891,-87.619,41.915,-87.646,127,56003,2026,4,22,993.0,998.0,4087.0,619.0,5080.0,1835s,"{'SUBWAY', 'BUS', 'WALK'}"
2,3,41.899,-87.626,41.907,-87.636,133,4105091,2026,4,22,683.0,604.0,992.0,311.0,1675.0,943s,"{'BUS', 'WALK'}"
1,6,41.885,-87.657,41.946,-87.654,135,2860191,2026,4,22,1358.0,1146.0,7923.0,1751.0,9281.0,2897s,"{'BUS', 'WALK'}"
0,2,41.98,-87.671,41.949,-87.652,54,356674,2026,4,25,751.0,655.0,3576.0,816.0,4327.0,1480s,"{'BUS', 'WALK'}"
0,17,41.908,-87.627,41.95,-87.644,34,1409946,2026,4,26,216.0,178.0,5169.0,1160.0,5385.0,1365s,"{'BUS', 'WALK'}"
0,17,41.871,-87.622,41.786,-87.751,695,1384919,2026,4,22,2210.0,1913.0,17688.0,1440.0,19898.0,3961s,"{'SUBWAY', 'BUS', 'WALK'}"
0,17,41.885,-87.621,41.979,-87.903,7086,1393805,2026,4,26,1549.0,1331.0,29169.0,2909.0,30718.0,4681s,"{'SUBWAY', 'BUS', 'WALK'}"
0,14,41.756,-87.552,41.765,-87.564,6,982481,2026,4,22,324.0,283.0,1943.0,417.0,2267.0,700s,"{'BUS', 'WALK'}"
1,2,41.79,-87.601,41.798,-87.599,166,2531718,2026,4,22,1109.0,927.0,0.0,0.0,1109.0,928s,{'WALK'}
1,20,41.856,-87.66,41.685,-87.671,1,3466142,2026,4,22,1213.0,1055.0,26485.0,3786.0,27698.0,5380s,"{'SUBWAY', 'BUS', 'WALK'}"
0,15,41.842,-87.622,41.941,-87.671,1,1134939,2026,4,22,854.0,828.0,14795.0,2763.0,15649.0,3867s,"{'SUBWAY', 'BUS', 'WALK'}"
0,18,41.9,-87.632,41.895,-87.62,361,1529438,2026,4,26,491.0,419.0,1067.0,387.0,1558.0,806s,"{'BUS', 'WALK'}"
0,23,41.906,-87.675,41.929,-87.646,64,2266628,2026,4,26,977.0,811.0,4032.0,1011.0,5009.0,2412s,"{'BUS', 'WALK'}"
0,14,41.899,-87.626,41.879,-87.643,720,1039140,2026,4,22,494.0,428.0,3459.0,1405.0,3953.0,1834s,"{'BUS', 'WALK'}"
1,4,41.928,-87.705,41.892,-87.632,51,2743063,2026,4,22,1645.0,1300.0,8272.0,840.0,9917.0,2142s,"{'SUBWAY', 'WALK'}"
2,15,41.898,-87.621,41.879,-87.672,9,4605673,2026,4,22,467.0,392.0,6303.0,2014.0,6770.0,2618s,"{'BUS', 'WALK'}"
0,4,41.943,-87.652,41.935,-87.647,43,543200,2026,4,22,250.0,224.0,1194.0,238.0,1444.0,463s,"{'BUS', 'WALK'}"
0,1,41.892,-87.629,41.879,-87.643,694,184808,2026,4,22,511.0,573.0,2599.0,511.0,3110.0,1470s,"{'SUBWAY', 'BUS', 'WALK'}"
0,11,41.881,-87.633,41.879,-87.643,493,755394,2026,4,26,544.0,484.0,446.0,103.0,990.0,588s,"{'BUS', 'WALK'}"
0,0,41.92,-87.68,41.928,-87.705,57,81438,2026,4,22,1120.0,940.0,1980.0,437.0,3100.0,1378s,"{'BUS', 'WALK'}"
0,13,41.813,-87.619,41.783,-87.583,15,887276,2026,4,25,941.0,809.0,6102.0,1178.0,7043.0,2618s,"{'BUS', 'WALK'}"
0,14,41.881,-87.633,41.885,-87.643,1866,1027104,2026,4,22,287.0,254.0,1249.0,424.0,1536.0,679s,"{'BUS', 'WALK'}"
0,23,41.95,-87.644,42.005,-87.659,5,2307515,2026,4,26,709.0,681.0,7318.0,1176.0,8027.0,2106s,"{'SUBWAY', 'BUS', 'WALK'}"
1,3,41.915,-87.654,41.958,-87.66,9,2652827,2026,4,22,1298.0,1099.0,4839.0,1137.0,6137.0,2548s,"{'BUS', 'WALK'}"
0,5,41.786,-87.751,41.783,-87.599,54,572824,2026,4,22,1535.0,1247.0,11910.0,2062.0,13445.0,3310s,"{'BUS', 'WALK'}"
0,5,41.915,-87.632,41.9,-87.629,44,603125,2026,4,22,451.0,404.0,1788.0,298.0,2239.0,702s,"{'BUS', 'WALK'}"
0,13,41.965,-87.663,41.895,-87.62,176,953272,2026,4,22,634.0,571.0,9934.0,1539.0,10568.0,2395s,"{'SUBWAY', 'BUS', 'WALK'}"
0,4,41.921,-87.695,41.929,-87.636,4,528532,2026,4,22,985.0,816.0,7699.0,1531.0,8684.0,2631s,"{'BUS', 'WALK'}"
1,16,41.786,-87.751,41.885,-87.621,209,3174875,2026,4,22,1385.0,1307.0,21293.0,2340.0,22678.0,3982s,"{'SUBWAY', 'BUS', 'WALK'}"
0,5,41.921,-87.685,41.893,-87.626,7,605648,2026,4,22,1059.0,1014.0,7386.0,1027.0,8445.0,2315s,"{'SUBWAY', 'BUS', 'WALK'}"
0,17,41.909,-87.631,41.898,-87.621,24,1410054,2026,4,26,888.0,723.0,1321.0,296.0,2209.0,1019s,"{'BUS', 'WALK'}"
2,18,41.885,-87.657,41.958,-87.66,7,4760072,2026,4,22,2011.0,1679.0,8163.0,1980.0,10174.0,3666s,"{'BUS', 'WALK'}"
0,0,41.881,-87.633,41.893,-87.626,3622,50995,2026,4,22,665.0,597.0,1353.0,490.0,2018.0,1087s,"{'BUS', 'WALK'}"
1,18,41.885,-87.657,41.879,-87.643,132,3325052,2026,4,22,1042.0,930.0,1094.0,307.0,2136.0,1237s,"{'BUS', 'WALK'}"
0,1,41.871,-87.631,41.885,-87.657,722,171421,2026,4,22,1269.0,1213.0,2660.0,450.0,3929.0,1663s,"{'SUBWAY', 'WALK'}"
1,5,41.943,-87.643,41.964,-87.652,9,2829404,2026,4,22,699.0,573.0,2541.0,474.0,3240.0,1057s,"{'BUS', 'WALK'}"
0,4,41.879,-87.657,41.859,-87.617,135,501907,2026,4,22,1092.0,902.0,5015.0,1170.0,6107.0,2878s,"{'BUS', 'WALK'}"
2,0,41.9,-87.675,41.898,-87.654,61,3832229,2026,4,22,814.0,694.0,1605.0,374.0,2419.0,1069s,"{'BUS', 'WALK'}"
0,21,41.892,-87.629,41.892,-87.632,143,1945616,2026,4,22,292.0,255.0,0.0,0.0,292.0,255s,{'WALK'}
0,3,41.747,-87.557,41.777,-87.611,3,369782,2026,4,25,1182.0,1000.0,6726.0,1332.0,7908.0,2998s,"{'BUS', 'WALK'}"
0,1,41.877,-87.622,41.929,-87.661,37,174722,2026,4,22,1732.0,1500.0,6856.0,1020.0,8588.0,2521s,"{'SUBWAY', 'WALK'}"
0,17,41.936,-87.652,41.97,-87.76,5,1427005,2026,4,26,1252.0,1008.0,11536.0,1985.0,12788.0,3274s,"{'SUBWAY', 'BUS', 'WALK'}"
0,4,41.892,-87.632,41.859,-87.617,1035,509154,2026,4,22,1149.0,957.0,3849.0,984.0,4998.0,2158s,"{'BUS', 'WALK'}"
2,3,41.973,-87.664,41.936,-87.661,6,4149632,2026,4,22,1569.0,1366.0,3684.0,661.0,5253.0,2028s,"{'BUS', 'WALK'}"
0,5,41.783,-87.599,41.79,-87.601,818,572475,2026,4,22,1021.0,852.0,0.0,0.0,1021.0,851s,{'WALK'}
2,7,41.893,-87.638,41.891,-87.619,249,4404517,2026,4,25,271.0,262.0,2338.0,560.0,2609.0,824s,"{'BUS', 'WALK'}"
1,7,41.907,-87.636,41.893,-87.638,169,2919391,2026,4,22,1863.0,1553.0,0.0,0.0,1863.0,1553s,{'WALK'}
0,18,41.936,-87.652,41.943,-87.739,1,1553216,2026,4,25,1340.0,1102.0,7005.0,2120.0,8345.0,3238s,"{'BUS', 'WALK'}"
0,20,41.806,-87.587,41.749,-87.547,1,1757504,2026,4,22,1417.0,1187.0,7989.0,1020.0,9406.0,2208s,"{'HEAVY_RAIL', 'WALK'}"
1,7,41.929,-87.646,41.936,-87.671,2,2927434,2026,4,22,2386.0,2026.0,0.0,0.0,2386.0,2026s,{'WALK'}
2,3,41.903,-87.626,41.915,-87.632,44,4107721,2026,4,22,277.0,220.0,1539.0,278.0,1816.0,520s,"{'BUS', 'WALK'}"
0,14,41.848,-87.691,41.868,-87.643,44,1012649,2026,4,22,800.0,678.0,6074.0,1616.0,6874.0,2536s,"{'BUS', 'WALK'}"
1,0,41.979,-87.903,41.801,-87.585,19,2424364,2026,4,25,1397.0,1187.0,39122.0,3779.0,40519.0,5379s,"{'SUBWAY', 'BUS', 'WALK'}"
0,13,41.755,-87.651,41.766,-87.599,20,867340,2026,4,25,1182.0,982.0,5492.0,1350.0,6674.0,2691s,"{'BUS', 'WALK'}"
2,6,41.943,-87.647,41.893,-87.653,22,4374748,2026,4,26,1070.0,1009.0,8751.0,1397.0,9821.0,2631s,"{'SUBWAY', 'BUS', 'WALK'}"
0,16,41.893,-87.626,41.979,-87.903,4431,1279120,2026,4,22,1605.0,1398.0,28038.0,2963.0,29643.0,4865s,"{'SUBWAY', 'BUS', 'WALK'}"
1,18,41.943,-87.701,41.915,-87.632,6,3351028,2026,4,22,1038.0,906.0,7583.0,1866.0,8621.0,3248s,"{'BUS', 'WALK'}"
0,21,41.915,-87.654,41.922,-87.634,71,1964971,2026,4,22,1001.0,814.0,1598.0,377.0,2599.0,1231s,"{'BUS', 'WALK'}"
0,13,41.898,-87.77,41.877,-87.681,19,916372,2026,4,22,500.0,430.0,9463.0,1895.0,9963.0,3162s,"{'BUS', 'WALK'}"
0,16,41.813,-87.599,41.82,-87.61,1,1248595,2026,4,22,990.0,811.0,680.0,163.0,1670.0,989s,"{'BUS', 'WALK'}"
1,0,41.9,-87.67,41.943,-87.701,7,2381437,2026,4,25,1581.0,1470.0,6468.0,823.0,8049.0,2563s,"{'SUBWAY', 'BUS', 'WALK'}"
0,2,41.742,-87.63,41.868,-87.714,6,257450,2026,4,26,1774.0,1547.0,20866.0,2778.0,22640.0,4744s,"{'SUBWAY', 'BUS', 'WALK'}"
1,6,41.98,-87.694,41.892,-87.613,4,2898661,2026,4,22,1404.0,1266.0,16489.0,3034.0,17893.0,5580s,"{'BUS', 'WALK'}"
0,14,41.856,-87.683,41.885,-87.657,72,1014389,2026,4,22,902.0,838.0,6136.0,660.0,7038.0,1500s,"{'SUBWAY', 'WALK'}"
0,23,41.872,-87.654,41.885,-87.657,288,2239011,2026,4,26,1741.0,1523.0,0.0,0.0,1741.0,1523s,{'WALK'}
0,19,41.893,-87.626,41.898,-87.621,400,1656177,2026,4,25,610.0,525.0,567.0,286.0,1177.0,812s,"{'BUS', 'WALK'}"
1,16,41.885,-87.621,41.979,-87.903,832,3190710,2026,4,22,2224.0,1884.0,28192.0,2730.0,30416.0,4615s,"{'SUBWAY', 'WALK'}"
1,15,41.898,-87.654,41.892,-87.613,28,3133408,2026,4,25,578.0,495.0,5799.0,1661.0,6377.0,2156s,"{'BUS', 'WALK'}"
1,12,41.776,-87.58,41.756,-87.584,1,3005084,2026,4,26,960.0,833.0,2152.0,352.0,3112.0,1186s,"{'BUS', 'WALK'}"
0,15,41.859,-87.617,41.877,-87.622,859,1139948,2026,4,22,798.0,675.0,2647.0,360.0,3445.0,1035s,"{'HEAVY_RAIL', 'WALK'}"
0,2,41.879,-87.643,41.879,-87.657,178,290996,2026,4,26,694.0,644.0,1217.0,268.0,1911.0,912s,"{'BUS', 'WALK'}"
0,13,41.871,-87.622,41.859,-87.617,1515,903301,2026,4,25,1637.0,1331.0,1678.0,120.0,3315.0,1451s,"{'HEAVY_RAIL', 'WALK'}"
0,2,41.893,-87.626,41.881,-87.633,2015,301422,2026,4,26,646.0,575.0,1888.0,632.0,2534.0,1208s,"{'BUS', 'WALK'}"
1,3,41.885,-87.643,41.9,-87.665,54,2635329,2026,4,22,344.0,297.0,2512.0,492.0,2856.0,790s,"{'BUS', 'WALK'}"
0,11,41.942,-87.747,41.893,-87.626,37,767934,2026,4,26,783.0,802.0,14558.0,2222.0,15341.0,3751s,"{'SUBWAY', 'BUS', 'WALK'}"
1,16,42.016,-87.673,41.935,-87.64,1,3230096,2026,4,22,483.0,540.0,10287.0,1674.0,10770.0,2494s,"{'SUBWAY', 'BUS', 'WALK'}"
0,13,41.958,-87.684,41.885,-87.621,67,949060,2026,4,22,916.0,813.0,12013.0,1839.0,12929.0,3220s,"{'BUS', 'WALK'}"
0,4,41.916,-87.675,41.899,-87.689,11,526192,2026,4,22,1385.0,1181.0,2083.0,390.0,3468.0,1575s,"{'BUS', 'WALK'}"
0,23,41.967,-87.652,41.98,-87.694,8,2319369,2026,4,26,674.0,614.0,4423.0,1057.0,5097.0,1905s,"{'BUS', 'WALK'}"
0,22,41.885,-87.643,41.877,-87.622,605,2093547,2026,4,22,869.0,832.0,1991.0,390.0,2860.0,1223s,"{'SUBWAY', 'WALK'}"
0,5,41.921,-87.7,41.898,-87.654,14,605136,2026,4,22,754.0,885.0,4545.0,450.0,5299.0,1335s,"{'SUBWAY', 'WALK'}"
0,20,41.892,-87.632,41.891,-87.619,547,1795010,2026,4,22,308.0,270.0,1122.0,283.0,1430.0,553s,"{'BUS', 'WALK'}"
1,23,41.893,-87.626,41.893,-87.653,157,3736078,2026,4,25,572.0,500.0,2587.0,761.0,3159.0,1263s,"{'BUS', 'WALK'}"
0,5,41.879,-87.672,41.907,-87.636,60,585102,2026,4,22,1203.0,1007.0,6229.0,1124.0,7432.0,2461s,"{'SUBWAY', 'BUS', 'WALK'}"
0,12,41.804,-87.731,41.808,-87.699,13,796915,2026,4,25,449.0,368.0,3511.0,569.0,3960.0,946s,"{'BUS', 'WALK'}"
2,16,41.909,-87.631,41.881,-87.633,26,4659422,2026,4,22,565.0,497.0,2839.0,970.0,3404.0,1467s,"{'BUS', 'WALK'}"
2,1,41.885,-87.621,41.885,-87.657,1702,3916026,2026,4,22,1159.0,1081.0,2489.0,450.0,3648.0,1531s,"{'SUBWAY', 'WALK'}"
0,13,41.902,-87.638,41.885,-87.657,312,920539,2026,4,22,576.0,604.0,4344.0,1242.0,4920.0,2302s,"{'SUBWAY', 'BUS', 'WALK'}"
0,18,41.744,-87.62,41.739,-87.689,8,1466395,2026,4,26,1411.0,1157.0,5871.0,1419.0,7282.0,2606s,"{'BUS', 'WALK'}"
1,20,41.946,-87.654,41.907,-87.636,38,3507015,2026,4,26,867.0,792.0,5977.0,690.0,6844.0,1484s,"{'SUBWAY', 'WALK'}"
1,14,41.871,-87.622,41.915,-87.654,7,3074051,2026,4,25,1788.0,1642.0,5341.0,750.0,7129.0,2392s,"{'SUBWAY', 'WALK'}"
0,3,41.892,-87.632,41.935,-87.693,54,407682,2026,4,22,812.0,827.0,7625.0,1180.0,8437.0,2531s,"{'SUBWAY', 'BUS', 'WALK'}"
0,21,41.885,-87.621,41.881,-87.633,3257,1940559,2026,4,22,264.0,219.0,1310.0,507.0,1574.0,727s,"{'BUS', 'WALK'}"
0,1,41.879,-87.657,41.994,-87.686,1,176189,2026,4,22,1720.0,1505.0,14572.0,1329.0,16292.0,3208s,"{'BUS', 'WALK', 'HEAVY_RAIL'}"
0,11,42.005,-87.663,41.898,-87.621,15,776603,2026,4,25,701.0,569.0,13122.0,1451.0,13823.0,2021s,"{'BUS', 'WALK'}"
0,6,41.885,-87.621,41.958,-87.66,24,643605,2026,4,26,1659.0,1338.0,9217.0,1760.0,10876.0,3098s,"{'BUS', 'WALK'}"
2,23,41.879,-87.672,41.936,-87.656,6,5057933,2026,4,26,945.0,792.0,7681.0,1685.0,8626.0,2994s,"{'BUS', 'WALK'}"
0,23,41.915,-87.654,41.892,-87.629,125,2274242,2026,4,26,791.0,812.0,3379.0,420.0,4170.0,1232s,"{'SUBWAY', 'WALK'}"
1,23,41.977,-87.702,41.983,-87.682,3,3783370,2026,4,22,940.0,834.0,1858.0,423.0,2798.0,1773s,"{'BUS', 'WALK'}"
0,22,41.863,-87.72,41.884,-87.723,4,2078388,2026,4,22,726.0,603.0,2362.0,639.0,3088.0,1244s,"{'BUS', 'WALK'}"
0,22,42.001,-87.702,42.0,-87.663,1,2176892,2026,4,22,635.0,544.0,3243.0,881.0,3878.0,1427s,"{'BUS', 'WALK'}"
2,5,41.929,-87.712,41.922,-87.646,11,4296127,2026,4,26,501.0,442.0,6150.0,1165.0,6651.0,1615s,"{'BUS', 'WALK'}"
1,23,41.885,-87.643,41.885,-87.643,71,3730665,2026,4,25,,,,,,,
0,16,41.756,-87.552,41.79,-87.601,78,1230080,2026,4,22,173.0,141.0,10467.0,2199.0,10640.0,2812s,"{'BUS', 'WALK'}"
2,22,41.769,-87.629,41.891,-87.619,1,4983677,2026,4,26,1172.0,1176.0,13979.0,1320.0,15151.0,2496s,"{'SUBWAY', 'WALK'}"
0,1,41.892,-87.632,41.891,-87.619,1568,184284,2026,4,22,692.0,610.0,1729.0,508.0,2421.0,1118s,"{'BUS', 'WALK'}"
2,1,41.856,-87.675,41.799,-87.709,2,3905200,2026,4,22,872.0,778.0,8722.0,1586.0,9594.0,2772s,"{'SUBWAY', 'BUS', 'WALK'}"
2,7,41.871,-87.631,41.868,-87.643,11,4398049,2026,4,25,656.0,557.0,970.0,114.0,1626.0,672s,"{'BUS', 'WALK'}"
0,21,41.945,-87.691,41.986,-87.769,3,1989968,2026,4,22,795.0,715.0,8695.0,1380.0,9490.0,2668s,"{'SUBWAY', 'BUS', 'WALK'}"
2,15,41.868,-87.714,41.868,-87.714,10,4597844,2026,4,22,,,,,,,
0,13,41.977,-87.762,41.979,-87.903,86,957083,2026,4,22,1714.0,1459.0,14213.0,1317.0,15927.0,3067s,"{'SUBWAY', 'BUS', 'WALK'}"
0,21,41.685,-87.671,41.682,-87.632,78,1869335,2026,4,22,1278.0,1073.0,2346.0,382.0,3624.0,1464s,"{'BUS', 'WALK'}"
0,23,41.798,-87.59,41.79,-87.601,1680,2212120,2026,4,26,960.0,802.0,926.0,220.0,1886.0,1023s,"{'BUS', 'WALK'}"
2,8,41.847,-87.664,41.938,-87.647,7,4439471,2026,4,25,1491.0,1247.0,13700.0,2065.0,15191.0,3853s,"{'SUBWAY', 'BUS', 'WALK'}"
0,16,41.905,-87.65,41.895,-87.62,242,1285677,2026,4,22,930.0,932.0,3652.0,754.0,4582.0,2031s,"{'SUBWAY', 'BUS', 'WALK'}"
0,23,41.893,-87.638,41.776,-87.638,4,2255317,2026,4,26,1224.0,1133.0,14176.0,1651.0,15400.0,3154s,"{'SUBWAY', 'BUS', 'WALK'}"
0,3,41.891,-87.619,41.899,-87.626,386,405270,2026,4,22,605.0,513.0,948.0,399.0,1553.0,922s,"{'BUS', 'WALK'}"
1,21,41.922,-87.641,41.929,-87.656,13,3576798,2026,4,26,1032.0,872.0,617.0,114.0,1649.0,987s,"{'BUS', 'WALK'}"
0,4,41.79,-87.601,41.79,-87.59,1721,484202,2026,4,22,969.0,793.0,0.0,0.0,969.0,794s,{'WALK'}
1,23,41.943,-87.641,41.929,-87.685,8,3767451,2026,4,22,509.0,448.0,4852.0,1491.0,5361.0,2446s,"{'BUS', 'WALK'}"
0,15,41.996,-87.656,41.874,-87.662,6,1212434,2026,4,22,635.0,562.0,17187.0,3086.0,17822.0,3958s,"{'BUS', 'WALK'}"
2,6,41.936,-87.661,41.95,-87.684,7,4370678,2026,4,26,1698.0,1445.0,1858.0,386.0,3556.0,1833s,"{'BUS', 'WALK'}"
0,0,41.79,-87.601,41.786,-87.751,111,20602,2026,4,22,1068.0,882.0,15156.0,2712.0,16224.0,3866s,"{'BUS', 'WALK'}"
0,10,41.935,-87.771,41.885,-87.621,25,733147,2026,4,26,1178.0,1138.0,17258.0,2313.0,18436.0,3679s,"{'SUBWAY', 'BUS', 'WALK'}"
2,6,41.892,-87.632,41.958,-87.653,58,4346229,2026,4,26,1024.0,1008.0,8370.0,1050.0,9394.0,2058s,"{'SUBWAY', 'WALK'}"
0,2,41.943,-87.652,41.859,-87.617,68,337107,2026,4,25,1481.0,1147.0,10746.0,1763.0,12227.0,3301s,"{'SUBWAY', 'BUS', 'WALK'}"
2,6,41.951,-87.667,41.929,-87.646,9,4379377,2026,4,25,1060.0,889.0,2831.0,416.0,3891.0,1313s,"{'BUS', 'WALK'}"
1,20,41.929,-87.651,41.979,-87.903,30,3498245,2026,4,22,1553.0,1421.0,29925.0,3778.0,31478.0,5470s,"{'SUBWAY', 'BUS', 'WALK'}"
0,17,41.945,-87.669,41.979,-87.903,170,1431939,2026,4,26,2084.0,1802.0,22118.0,2483.0,24202.0,4585s,"{'SUBWAY', 'BUS', 'WALK'}"
0,16,41.881,-87.633,41.898,-87.621,1163,1270759,2026,4,22,488.0,409.0,3165.0,1316.0,3653.0,1725s,"{'BUS', 'WALK'}"
1,15,41.902,-87.638,41.893,-87.638,37,3136068,2026,4,25,1118.0,930.0,0.0,0.0,1118.0,930s,{'WALK'}
2,22,41.748,-87.61,41.727,-87.658,5,4981806,2026,4,26,1110.0,925.0,7105.0,1179.0,8215.0,2499s,"{'BUS', 'WALK'}"
0,13,41.936,-87.661,41.979,-87.903,266,939297,2026,4,22,1897.0,1579.0,23594.0,2744.0,25491.0,4754s,"{'SUBWAY', 'BUS', 'WALK'}"
2,19,41.929,-87.646,41.929,-87.666,9,4835259,2026,4,22,858.0,731.0,1605.0,509.0,2463.0,1241s,"{'BUS', 'WALK'}"
0,21,41.893,-87.626,41.9,-87.665,70,1947920,2026,4,22,875.0,753.0,3837.0,1398.0,4712.0,2211s,"{'BUS', 'WALK'}"
2,0,41.929,-87.712,41.987,-87.665,5,3849455,2026,4,22,157.0,161.0,11133.0,2305.0,11290.0,2962s,"{'BUS', 'WALK'}"
0,22,41.967,-87.684,41.987,-87.694,22,2162156,2026,4,22,1034.0,877.0,2040.0,573.0,3074.0,1450s,"{'BUS', 'WALK'}"
0,14,41.786,-87.751,41.881,-87.633,2691,994254,2026,4,22,849.0,720.0,19997.0,2069.0,20846.0,3161s,"{'SUBWAY', 'BUS', 'WALK'}"
0,17,41.755,-87.61,41.798,-87.59,9,1348865,2026,4,22,854.0,726.0,6750.0,1516.0,7604.0,2970s,"{'BUS', 'WALK'}"
1,22,41.951,-87.676,41.885,-87.657,34,3680183,2026,4,25,1539.0,1296.0,7347.0,1787.0,8886.0,3111s,"{'BUS', 'WALK'}"
0,21,41.9,-87.632,41.885,-87.657,460,1954163,2026,4,22,853.0,735.0,3059.0,1166.0,3912.0,2255s,"{'BUS', 'WALK'}"
0,20,41.9,-87.67,41.922,-87.656,7,1803145,2026,4,22,801.0,704.0,4647.0,818.0,5448.0,1833s,"{'BUS', 'WALK'}"
0,22,41.885,-87.621,41.881,-87.633,3452,2094209,2026,4,22,323.0,290.0,1318.0,428.0,1641.0,720s,"{'BUS', 'WALK'}"
0,0,41.979,-87.903,41.891,-87.619,3325,122400,2026,4,22,1565.0,1285.0,29867.0,2985.0,31432.0,4511s,"{'SUBWAY', 'BUS', 'WALK'}"
0,1,41.893,-87.638,41.898,-87.621,490,186567,2026,4,22,381.0,342.0,1699.0,537.0,2080.0,880s,"{'BUS', 'WALK'}"
0,17,41.792,-87.611,41.871,-87.622,5,1362516,2026,4,22,882.0,735.0,12403.0,1673.0,13285.0,2723s,"{'BUS', 'WALK'}"
0,13,41.9,-87.67,41.881,-87.633,809,919251,2026,4,22,1099.0,1105.0,4358.0,540.0,5457.0,1646s,"{'SUBWAY', 'WALK'}"
0,15,41.892,-87.632,41.881,-87.633,3202,1157147,2026,4,22,271.0,250.0,1118.0,411.0,1389.0,661s,"{'BUS', 'WALK'}"
1,16,41.879,-87.643,41.915,-87.632,76,3188548,2026,4,22,594.0,512.0,4740.0,1458.0,5334.0,1978s,"{'BUS', 'WALK'}"
0,20,41.881,-87.633,41.885,-87.643,1934,1787076,2026,4,22,287.0,254.0,1249.0,464.0,1536.0,719s,"{'BUS', 'WALK'}"
0,22,41.881,-87.633,41.689,-87.617,3,2090029,2026,4,22,1181.0,1047.0,21934.0,2161.0,23115.0,3547s,"{'SUBWAY', 'BUS', 'WALK'}"
0,4,41.943,-87.652,41.885,-87.621,222,543074,2026,4,22,1336.0,1177.0,7478.0,900.0,8814.0,2077s,"{'SUBWAY', 'WALK'}"
1,1,41.928,-87.705,41.938,-87.639,10,2488379,2026,4,25,1056.0,893.0,5426.0,1335.0,6482.0,2244s,"{'BUS', 'WALK'}"
1,4,41.893,-87.638,41.893,-87.66,23,2724016,2026,4,22,689.0,615.0,1943.0,434.0,2632.0,1074s,"{'BUS', 'WALK'}"
0,16,41.886,-87.672,41.881,-87.633,50,1274259,2026,4,22,830.0,727.0,5617.0,930.0,6447.0,1666s,"{'SUBWAY', 'WALK'}"
1,0,41.922,-87.646,41.885,-87.621,42,2394936,2026,4,25,1656.0,1440.0,5844.0,660.0,7500.0,2100s,"{'SUBWAY', 'WALK'}"
0,15,42.021,-87.67,41.979,-87.903,27,1216246,2026,4,22,1570.0,1493.0,31977.0,4230.0,33547.0,6372s,"{'SUBWAY', 'TRAM', 'BUS', 'WALK'}"
0,18,41.871,-87.622,41.842,-87.622,20,1508936,2026,4,26,1093.0,901.0,3928.0,936.0,5021.0,1837s,"{'BUS', 'WALK'}"
0,16,41.87,-87.675,41.798,-87.59,22,1263777,2026,4,22,1558.0,1326.0,12974.0,1942.0,14532.0,3519s,"{'BUS', 'WALK'}"
0,19,41.859,-87.617,41.881,-87.633,2323,1633787,2026,4,25,1529.0,1305.0,2703.0,596.0,4232.0,1902s,"{'BUS', 'WALK'}"
0,17,41.893,-87.638,41.885,-87.621,1470,1398559,2026,4,26,555.0,493.0,2634.0,794.0,3189.0,1709s,"{'BUS', 'WALK'}"
0,17,41.884,-87.748,41.877,-87.752,9,1391406,2026,4,22,875.0,713.0,825.0,279.0,1700.0,1003s,"{'BUS', 'WALK'}"
0,19,41.979,-87.903,41.885,-87.621,6743,1709554,2026,4,25,2227.0,1912.0,28148.0,2550.0,30375.0,4462s,"{'SUBWAY', 'WALK'}"
2,0,41.893,-87.626,41.851,-87.635,167,3828639,2026,4,22,997.0,889.0,4304.0,570.0,5301.0,1459s,"{'SUBWAY', 'WALK'}"
0,0,41.912,-87.684,41.798,-87.59,4,76030,2026,4,22,1577.0,1458.0,15666.0,1689.0,17243.0,3622s,"{'SUBWAY', 'BUS', 'WALK'}"
0,19,41.742,-87.63,41.783,-87.613,9,1593811,2026,4,25,862.0,741.0,5864.0,1081.0,6726.0,2256s,"{'BUS', 'WALK'}"
0,19,41.87,-87.675,41.777,-87.693,45,1638175,2026,4,25,323.0,451.0,12209.0,1934.0,12532.0,3135s,"{'SUBWAY', 'BUS', 'WALK'}"
0,3,41.892,-87.632,41.973,-87.679,78,407802,2026,4,22,914.0,934.0,11911.0,1628.0,12825.0,2849s,"{'SUBWAY', 'BUS', 'WALK'}"
1,22,41.916,-87.692,41.892,-87.629,15,3658667,2026,4,25,674.0,740.0,8539.0,1140.0,9213.0,2169s,"{'SUBWAY', 'WALK'}"
0,20,41.848,-87.708,41.775,-87.73,1,1769485,2026,4,22,731.0,625.0,10182.0,2835.0,10913.0,3732s,"{'BUS', 'WALK'}"
1,23,41.881,-87.633,41.849,-87.624,158,3728841,2026,4,25,414.0,348.0,4494.0,1294.0,4908.0,1881s,"{'BUS', 'WALK'}"
1,9,41.885,-87.621,41.879,-87.643,15,2970405,2026,4,22,1026.0,849.0,1707.0,352.0,2733.0,1201s,"{'BUS', 'WALK'}"
0,4,41.892,-87.632,41.881,-87.633,1593,509196,2026,4,22,798.0,695.0,707.0,150.0,1505.0,845s,"{'SUBWAY', 'WALK'}"
0,18,41.885,-87.621,41.943,-87.647,49,1518336,2026,4,26,1259.0,1033.0,6720.0,990.0,7979.0,2025s,"{'BUS', 'WALK'}"
1,4,41.879,-87.672,41.936,-87.661,14,2715438,2026,4,22,1094.0,947.0,6340.0,1392.0,7434.0,2369s,"{'BUS', 'WALK'}"
0,1,41.893,-87.626,41.931,-87.642,101,187287,2026,4,22,466.0,419.0,4797.0,1216.0,5263.0,1636s,"{'BUS', 'WALK'}"
0,14,41.929,-87.636,41.929,-87.651,17,1058406,2026,4,22,693.0,587.0,1844.0,434.0,2537.0,1022s,"{'BUS', 'WALK'}"
1,21,41.936,-87.652,41.921,-87.71,4,3584806,2026,4,26,658.0,560.0,7250.0,1834.0,7908.0,2903s,"{'BUS', 'WALK'}"
0,23,41.881,-87.633,41.786,-87.751,1157,2244579,2026,4,26,1551.0,1386.0,19697.0,1955.0,21248.0,3792s,"{'SUBWAY', 'BUS', 'WALK'}"
0,2,42.016,-87.667,42.016,-87.667,13,364474,2026,4,25,,,,,,,
2,19,41.859,-87.617,42.005,-87.659,3,4811900,2026,4,22,1054.0,936.0,18023.0,2957.0,19077.0,4192s,"{'BUS', 'HEAVY_RAIL', 'WALK'}"
0,6,41.893,-87.638,41.885,-87.643,100,646039,2026,4,26,1158.0,1017.0,1105.0,308.0,2263.0,1325s,"{'BUS', 'WALK'}"
0,12,41.929,-87.685,41.916,-87.692,19,830945,2026,4,25,801.0,679.0,1465.0,267.0,2266.0,947s,"{'BUS', 'WALK'}"
0,14,41.877,-87.622,41.881,-87.633,1611,1024929,2026,4,22,526.0,451.0,927.0,432.0,1453.0,883s,"{'BUS', 'WALK'}"
0,16,41.79,-87.59,41.79,-87.601,434,1241937,2026,4,22,969.0,800.0,0.0,0.0,969.0,799s,{'WALK'}
0,18,41.881,-87.633,41.949,-87.652,108,1514983,2026,4,26,867.0,848.0,8787.0,1170.0,9654.0,2018s,"{'SUBWAY', 'WALK'}"
0,0,41.95,-87.738,41.879,-87.643,2,105862,2026,4,22,1734.0,1524.0,13868.0,1560.0,15602.0,3085s,"{'SUBWAY', 'WALK'}"
2,3,41.892,-87.613,41.915,-87.654,12,4100678,2026,4,22,971.0,895.0,6326.0,1083.0,7297.0,2265s,"{'SUBWAY', 'BUS', 'WALK'}"
0,21,41.931,-87.642,41.938,-87.647,11,1978479,2026,4,22,600.0,498.0,1001.0,330.0,1601.0,829s,"{'BUS', 'WALK'}"
0,15,41.877,-87.622,41.849,-87.624,810,1148571,2026,4,22,331.0,298.0,3018.0,751.0,3349.0,1074s,"{'BUS', 'WALK'}"
0,22,41.938,-87.647,41.881,-87.633,64,2140480,2026,4,22,966.0,791.0,7508.0,1110.0,8474.0,1900s,"{'SUBWAY', 'WALK'}"
0,15,41.915,-87.646,41.881,-87.633,172,1172698,2026,4,22,1193.0,932.0,5109.0,750.0,6302.0,1683s,"{'SUBWAY', 'WALK'}"
0,23,41.871,-87.631,41.891,-87.619,422,2237821,2026,4,26,641.0,551.0,3109.0,822.0,3750.0,1407s,"{'BUS', 'WALK'}"
0,20,41.922,-87.664,41.885,-87.643,60,1818809,2026,4,22,781.0,839.0,6140.0,1196.0,6921.0,2280s,"{'SUBWAY', 'BUS', 'WALK'}"
2,13,41.936,-87.652,41.962,-87.645,4,4544544,2026,4,22,872.0,883.0,4627.0,714.0,5499.0,2232s,"{'SUBWAY', 'BUS', 'WALK'}"
2,1,41.891,-87.619,41.987,-87.672,4,3917226,2026,4,22,1301.0,1182.0,15744.0,1651.0,17045.0,3089s,"{'BUS', 'WALK', 'HEAVY_RAIL'}"
0,5,41.899,-87.626,41.891,-87.619,114,595904,2026,4,22,495.0,412.0,1212.0,245.0,1707.0,658s,"{'BUS', 'WALK'}"
2,23,41.908,-87.627,41.786,-87.751,28,5071058,2026,4,26,738.0,685.0,22073.0,2899.0,22811.0,4545s,"{'SUBWAY', 'BUS', 'WALK'}"
0,1,41.884,-87.723,42.006,-87.668,1,178368,2026,4,22,836.0,895.0,23223.0,3150.0,24059.0,4683s,"{'SUBWAY', 'WALK'}"
1,21,41.958,-87.66,41.973,-87.65,20,3595751,2026,4,26,719.0,623.0,3819.0,921.0,4538.0,1913s,"{'BUS', 'WALK'}"
0,3,41.979,-87.903,41.922,-87.634,319,463766,2026,4,22,2258.0,1820.0,26195.0,2755.0,28453.0,4790s,"{'SUBWAY', 'BUS', 'WALK'}"
1,3,41.893,-87.626,41.885,-87.657,787,2641166,2026,4,22,944.0,806.0,2629.0,608.0,3573.0,1415s,"{'BUS', 'WALK'}"
0,19,41.899,-87.752,41.881,-87.633,15,1658922,2026,4,25,965.0,826.0,11066.0,2557.0,12031.0,3651s,"{'BUS', 'WALK'}"
0,3,41.859,-87.617,41.746,-87.592,11,391257,2026,4,25,1614.0,1336.0,14243.0,2564.0,15857.0,4318s,"{'BUS', 'WALK'}"
0,2,41.922,-87.646,41.929,-87.636,81,322331,2026,4,26,1664.0,1391.0,0.0,0.0,1664.0,1391s,{'WALK'}
0,3,41.943,-87.641,41.856,-87.66,3,446322,2026,4,22,467.0,396.0,12908.0,2271.0,13375.0,3257s,"{'BUS', 'WALK'}"
0,2,41.945,-87.691,41.9,-87.68,6,338381,2026,4,25,1124.0,962.0,4887.0,1076.0,6011.0,2039s,"{'BUS', 'WALK'}"
0,4,41.885,-87.643,41.893,-87.626,579,505434,2026,4,22,519.0,563.0,2887.0,724.0,3406.0,1615s,"{'SUBWAY', 'BUS', 'WALK'}"
0,9,41.893,-87.626,41.979,-87.903,2351,714000,2026,4,26,2972.0,2470.0,27780.0,2640.0,30752.0,5115s,"{'SUBWAY', 'WALK'}"
1,4,41.95,-87.702,41.921,-87.7,3,2758158,2026,4,22,1035.0,856.0,2742.0,455.0,3777.0,1320s,"{'BUS', 'WALK'}"
0,23,41.868,-87.643,41.727,-87.658,17,2234906,2026,4,26,848.0,711.0,17726.0,3651.0,18574.0,4954s,"{'BUS', 'WALK'}"
0,23,41.895,-87.62,41.885,-87.621,1038,2257049,2026,4,26,539.0,491.0,1756.0,693.0,2295.0,1185s,"{'BUS', 'WALK'}"
0,1,41.893,-87.626,41.892,-87.632,1146,187167,2026,4,22,370.0,314.0,446.0,131.0,816.0,447s,"{'BUS', 'WALK'}"
1,2,41.892,-87.632,41.9,-87.629,271,2554331,2026,4,22,441.0,375.0,807.0,247.0,1248.0,623s,"{'BUS', 'WALK'}"
2,23,41.991,-87.657,41.972,-87.671,8,5098925,2026,4,26,1501.0,1442.0,1876.0,240.0,3377.0,1682s,"{'SUBWAY', 'WALK'}"
0,20,41.946,-87.647,41.945,-87.662,7,1838035,2026,4,22,457.0,407.0,1203.0,319.0,1660.0,727s,"{'BUS', 'WALK'}"
1,5,41.885,-87.621,41.907,-87.636,88,2796513,2026,4,22,1430.0,1217.0,2363.0,330.0,3793.0,1549s,"{'SUBWAY', 'WALK'}"
0,13,41.893,-87.66,41.881,-87.633,908,914399,2026,4,25,1124.0,1115.0,3122.0,420.0,4246.0,1536s,"{'SUBWAY', 'WALK'}"
0,20,41.983,-87.877,41.979,-87.903,1424,1858268,2026,4,22,4171.0,3442.0,4182.0,330.0,8353.0,3953s,"{'TRAM', 'WALK'}"
0,20,41.931,-87.642,41.827,-87.633,26,1826120,2026,4,22,1184.0,1119.0,11271.0,1795.0,12455.0,3159s,"{'SUBWAY', 'BUS', 'WALK'}"
1,23,41.748,-87.656,41.776,-87.638,1,3703830,2026,4,25,775.0,650.0,4877.0,965.0,5652.0,2143s,"{'BUS', 'WALK'}"
0,15,41.899,-87.626,41.979,-87.903,1425,1163166,2026,4,22,2091.0,1821.0,29504.0,2910.0,31595.0,5062s,"{'SUBWAY', 'WALK'}"
1,23,41.871,-87.622,41.891,-87.619,274,3725580,2026,4,25,786.0,635.0,2275.0,659.0,3061.0,1543s,"{'BUS', 'WALK'}"
0,14,41.754,-87.56,41.754,-87.56,54,981061,2026,4,22,,,,,,,
2,7,41.891,-87.619,41.899,-87.684,4,4401730,2026,4,25,500.0,412.0,6784.0,1569.0,7284.0,1981s,"{'BUS', 'WALK'}"
1,2,41.97,-87.713,41.963,-87.713,2,2597666,2026,4,22,108.0,108.0,819.0,168.0,927.0,278s,"{'BUS', 'WALK'}"
0,3,41.892,-87.632,41.859,-87.617,1779,407481,2026,4,22,1411.0,1184.0,4250.0,1172.0,5661.0,2357s,"{'BUS', 'WALK'}"
0,16,41.979,-87.903,41.899,-87.626,1239,1325688,2026,4,22,1676.0,1392.0,29881.0,3222.0,31557.0,4990s,"{'SUBWAY', 'BUS', 'WALK'}"
0,2,41.879,-87.657,41.885,-87.621,384,290434,2026,4,26,638.0,579.0,4132.0,960.0,4770.0,1572s,"{'BUS', 'WALK'}"
0,21,41.993,-87.657,42.005,-87.659,18,2016676,2026,4,22,446.0,377.0,1821.0,489.0,2267.0,881s,"{'BUS', 'WALK'}"
0,21,41.891,-87.619,41.885,-87.657,1269,1942344,2026,4,22,901.0,787.0,3109.0,1216.0,4010.0,2003s,"{'BUS', 'WALK'}"
0,3,41.935,-87.647,41.958,-87.653,72,438408,2026,4,22,413.0,360.0,2749.0,686.0,3162.0,1046s,"{'BUS', 'WALK'}"
0,21,41.877,-87.681,41.893,-87.638,32,1933438,2026,4,22,207.0,178.0,5614.0,1876.0,5821.0,2576s,"{'BUS', 'WALK'}"
2,5,41.921,-87.695,41.891,-87.619,19,4291684,2026,4,26,399.0,584.0,9584.0,1650.0,9983.0,2518s,"{'SUBWAY', 'BUS', 'WALK'}"
1,19,41.936,-87.676,41.967,-87.671,1,3422168,2026,4,22,943.0,796.0,3302.0,801.0,4245.0,1598s,"{'BUS', 'WALK'}"
0,14,41.884,-87.76,41.95,-87.762,5,1027963,2026,4,22,956.0,785.0,7375.0,1564.0,8331.0,2366s,"{'BUS', 'WALK'}"
0,16,41.892,-87.629,41.979,-87.903,1444,1277434,2026,4,22,1714.0,1533.0,28960.0,2820.0,30674.0,4684s,"{'SUBWAY', 'WALK'}"
0,20,41.861,-87.631,41.893,-87.626,31,1774649,2026,4,22,817.0,735.0,3653.0,1234.0,4470.0,1970s,"{'BUS', 'WALK'}"
1,16,41.891,-87.77,41.879,-87.643,1,3190902,2026,4,22,1706.0,1569.0,10282.0,1290.0,11988.0,2874s,"{'SUBWAY', 'WALK'}"
0,0,41.915,-87.632,41.892,-87.629,286,78567,2026,4,22,486.0,447.0,2623.0,638.0,3109.0,1099s,"{'BUS', 'WALK'}"
2,5,41.857,-87.652,41.967,-87.711,1,4262184,2026,4,26,872.0,804.0,19824.0,2647.0,20696.0,4374s,"{'SUBWAY', 'BUS', 'WALK'}"
2,1,41.899,-87.684,41.9,-87.629,6,3923949,2026,4,22,673.0,564.0,5064.0,1227.0,5737.0,1791s,"{'BUS', 'WALK'}"
0,23,41.958,-87.66,41.949,-87.662,33,2312639,2026,4,26,986.0,850.0,673.0,243.0,1659.0,1093s,"{'BUS', 'WALK'}"
0,15,41.74,-87.556,41.701,-87.54,2,1101381,2026,4,22,698.0,585.0,6170.0,960.0,6868.0,2193s,"{'BUS', 'WALK'}"
2,15,41.893,-87.626,41.786,-87.751,404,4604707,2026,4,22,1187.0,1149.0,20280.0,1830.0,21467.0,3940s,"{'SUBWAY', 'BUS', 'WALK'}"
0,1,41.885,-87.621,41.885,-87.621,1036,180439,2026,4,22,,,,,,,
0,17,41.713,-87.666,41.714,-87.638,5,1339268,2026,4,22,1598.0,1320.0,2567.0,454.0,4165.0,1774s,"{'BUS', 'WALK'}"
1,17,41.953,-87.646,41.943,-87.718,2,3285629,2026,4,22,668.0,557.0,6811.0,1770.0,7479.0,2328s,"{'BUS', 'WALK'}"
2,2,41.9,-87.665,41.893,-87.653,25,4016384,2026,4,22,384.0,309.0,1289.0,199.0,1673.0,522s,"{'BUS', 'WALK'}"
0,17,41.898,-87.621,41.892,-87.632,438,1401153,2026,4,26,552.0,479.0,1593.0,530.0,2145.0,1011s,"{'BUS', 'WALK'}"
0,16,41.885,-87.621,41.892,-87.632,1256,1273723,2026,4,22,1141.0,1018.0,768.0,120.0,1909.0,1139s,"{'SUBWAY', 'WALK'}"
0,2,41.892,-87.632,41.885,-87.643,1429,298509,2026,4,26,375.0,321.0,2242.0,558.0,2617.0,1121s,"{'BUS', 'WALK'}"
0,5,41.777,-87.623,41.787,-87.622,1,571947,2026,4,22,1585.0,1296.0,0.0,0.0,1585.0,1296s,{'WALK'}
0,4,41.892,-87.632,41.891,-87.619,1090,509212,2026,4,22,692.0,610.0,1729.0,410.0,2421.0,1020s,"{'BUS', 'WALK'}"
1,19,41.979,-87.903,41.881,-87.633,439,3438077,2026,4,22,1733.0,1485.0,28484.0,2610.0,30217.0,4095s,"{'SUBWAY', 'WALK'}"
0,3,41.943,-87.657,41.941,-87.671,8,445128,2026,4,22,541.0,439.0,1196.0,275.0,1737.0,742s,"{'BUS', 'WALK'}"
0,15,41.95,-87.713,41.936,-87.666,6,1193878,2026,4,22,516.0,447.0,5104.0,1244.0,5620.0,1921s,"{'BUS', 'WALK'}"
2,6,42.006,-87.813,41.991,-87.74,21,4390669,2026,4,25,863.0,741.0,16891.0,2219.0,17754.0,4498s,"{'BUS', 'WALK'}"
0,6,41.79,-87.601,41.798,-87.59,535,635051,2026,4,22,1732.0,1419.0,0.0,0.0,1732.0,1419s,{'WALK'}
2,21,42.001,-87.684,41.936,-87.666,2,4977423,2026,4,26,970.0,894.0,8049.0,1899.0,9019.0,3568s,"{'BUS', 'WALK'}"
2,5,41.965,-87.677,41.929,-87.651,11,4317913,2026,4,26,933.0,912.0,5614.0,720.0,6547.0,1632s,"{'SUBWAY', 'WALK'}"
0,16,41.755,-87.61,41.879,-87.672,20,1229444,2026,4,22,1192.0,1174.0,20100.0,2232.0,21292.0,4351s,"{'SUBWAY', 'BUS', 'WALK'}"
0,22,41.915,-87.646,41.893,-87.626,34,2119855,2026,4,22,1063.0,1050.0,3379.0,450.0,4442.0,1500s,"{'SUBWAY', 'WALK'}"
1,21,41.879,-87.643,41.907,-87.636,68,3553936,2026,4,26,701.0,622.0,4407.0,1319.0,5108.0,2286s,"{'BUS', 'WALK'}"
0,3,41.859,-87.617,41.898,-87.654,92,391523,2026,4,25,1222.0,1191.0,6064.0,1128.0,7286.0,2564s,"{'SUBWAY', 'BUS', 'WALK'}"
0,3,41.885,-87.621,41.892,-87.632,1495,403976,2026,4,22,1141.0,1018.0,768.0,90.0,1909.0,1109s,"{'SUBWAY', 'WALK'}"
0,12,41.844,-87.683,41.87,-87.675,95,803064,2026,4,25,1251.0,1050.0,2258.0,450.0,3509.0,1551s,"{'BUS', 'WALK'}"
1,4,41.895,-87.62,41.77,-87.581,4,2724961,2026,4,22,1169.0,982.0,14892.0,1457.0,16061.0,2925s,"{'BUS', 'WALK'}"
0,0,41.79,-87.59,41.79,-87.601,1093,20986,2026,4,22,969.0,800.0,0.0,0.0,969.0,799s,{'WALK'}
2,3,41.945,-87.691,41.921,-87.715,2,4135098,2026,4,22,746.0,624.0,4625.0,968.0,5371.0,2207s,"{'BUS', 'WALK'}"
0,1,41.937,-87.722,41.929,-87.656,2,220075,2026,4,22,666.0,558.0,6384.0,1485.0,7050.0,2422s,"{'BUS', 'WALK'}"
2,17,41.9,-87.629,41.903,-87.626,1,4710413,2026,4,22,640.0,542.0,0.0,0.0,640.0,542s,{'WALK'}
0,5,41.905,-87.702,41.893,-87.626,4,598325,2026,4,22,1054.0,1023.0,7808.0,1302.0,8862.0,2922s,"{'SUBWAY', 'BUS', 'WALK'}"
0,5,41.898,-87.654,41.928,-87.705,35,594473,2026,4,22,983.0,886.0,5856.0,630.0,6839.0,1516s,"{'SUBWAY', 'WALK'}"
1,23,41.928,-87.788,41.92,-87.771,4,3754900,2026,4,25,805.0,690.0,1499.0,304.0,2304.0,994s,"{'BUS', 'WALK'}"
0,22,41.881,-87.633,41.892,-87.632,5463,2090403,2026,4,22,204.0,179.0,1136.0,666.0,1340.0,845s,"{'BUS', 'WALK'}"
1,7,41.892,-87.632,41.9,-87.629,563,2912465,2026,4,22,441.0,375.0,807.0,192.0,1248.0,568s,"{'BUS', 'WALK'}"
0,19,41.872,-87.706,41.893,-87.626,4,1640388,2026,4,25,760.0,828.0,8445.0,1260.0,9205.0,2316s,"{'SUBWAY', 'WALK'}"
0,1,41.877,-87.622,41.879,-87.657,200,174580,2026,4,22,830.0,719.0,3643.0,936.0,4473.0,1655s,"{'BUS', 'WALK'}"
2,1,41.893,-87.638,41.885,-87.621,502,3920702,2026,4,22,703.0,631.0,2577.0,883.0,3280.0,1874s,"{'BUS', 'WALK'}"
1,0,41.893,-87.626,41.877,-87.622,327,2377384,2026,4,25,500.0,455.0,1832.0,761.0,2332.0,1218s,"{'BUS', 'WALK'}"
0,0,41.899,-87.626,41.877,-87.752,4,65678,2026,4,22,711.0,620.0,13375.0,3142.0,14086.0,3994s,"{'BUS', 'WALK'}"
1,2,41.893,-87.626,41.908,-87.627,111,2556617,2026,4,22,275.0,257.0,1684.0,423.0,1959.0,709s,"{'BUS', 'WALK'}"
0,4,41.893,-87.626,41.967,-87.684,29,512169,2026,4,22,581.0,651.0,12267.0,1689.0,12848.0,2627s,"{'SUBWAY', 'BUS', 'WALK'}"
2,16,41.905,-87.65,41.893,-87.653,16,4657172,2026,4,22,362.0,296.0,2252.0,786.0,2614.0,1139s,"{'BUS', 'WALK'}"
0,13,41.885,-87.621,41.979,-87.903,5836,910957,2026,4,25,2224.0,1884.0,28192.0,2730.0,30416.0,4615s,"{'SUBWAY', 'WALK'}"
0,0,41.881,-87.633,41.871,-87.622,1719,50937,2026,4,22,852.0,712.0,1448.0,372.0,2300.0,1084s,"{'BUS', 'WALK'}"
1,21,41.909,-87.631,41.885,-87.657,76,3570054,2026,4,26,806.0,825.0,6136.0,1522.0,6942.0,2626s,"{'SUBWAY', 'BUS', 'WALK'}"
0,4,41.891,-87.619,41.9,-87.629,148,507200,2026,4,22,615.0,537.0,1226.0,496.0,1841.0,1033s,"{'BUS', 'WALK'}"
0,22,41.881,-87.633,41.893,-87.626,4967,2090409,2026,4,22,501.0,444.0,1495.0,706.0,1996.0,1185s,"{'BUS', 'WALK'}"
1,2,41.973,-87.664,41.949,-87.652,36,2598990,2026,4,22,894.0,851.0,3102.0,420.0,3996.0,1271s,"{'SUBWAY', 'WALK'}"
0,22,41.842,-87.613,41.877,-87.622,19,2070834,2026,4,22,1681.0,1415.0,4360.0,968.0,6041.0,2383s,"{'BUS', 'WALK'}"
2,8,41.856,-87.649,41.892,-87.632,9,4440412,2026,4,25,800.0,689.0,5458.0,969.0,6258.0,1660s,"{'BUS', 'WALK'}"
0,12,41.95,-87.702,41.881,-87.633,191,839583,2026,4,25,918.0,798.0,11987.0,1982.0,12905.0,3059s,"{'SUBWAY', 'BUS', 'WALK'}"
1,17,41.885,-87.643,41.953,-87.653,15,3256337,2026,4,22,684.0,617.0,10457.0,1649.0,11141.0,2519s,"{'SUBWAY', 'BUS', 'WALK'}"
2,22,41.943,-87.641,41.859,-87.617,13,5024193,2026,4,26,767.0,605.0,10194.0,2304.0,10961.0,2916s,"{'BUS', 'WALK'}"
0,12,41.791,-87.623,41.898,-87.654,10,794739,2026,4,25,704.0,745.0,13291.0,2288.0,13995.0,3472s,"{'SUBWAY', 'BUS', 'WALK'}"
1,16,41.929,-87.636,41.892,-87.632,36,3208609,2026,4,22,580.0,499.0,4397.0,1114.0,4977.0,1616s,"{'BUS', 'WALK'}"
0,10,41.943,-87.652,41.979,-87.903,493,734250,2026,4,26,1986.0,1709.0,23428.0,2549.0,25414.0,4474s,"{'SUBWAY', 'BUS', 'WALK'}"
0,1,41.879,-87.643,41.935,-87.647,77,176623,2026,4,22,825.0,697.0,7200.0,2012.0,8025.0,2712s,"{'BUS', 'WALK'}"
0,18,41.879,-87.643,41.877,-87.622,764,1514098,2026,4,26,471.0,430.0,1829.0,552.0,2300.0,982s,"{'BUS', 'WALK'}"
2,5,41.898,-87.654,41.945,-87.686,1,4277313,2026,4,26,740.0,793.0,6533.0,898.0,7273.0,2230s,"{'SUBWAY', 'BUS', 'WALK'}"
0,1,41.885,-87.621,41.943,-87.657,103,180622,2026,4,22,1436.0,1199.0,7474.0,960.0,8910.0,2159s,"{'SUBWAY', 'WALK'}"
1,23,41.885,-87.657,41.885,-87.621,747,3730251,2026,4,25,1188.0,1168.0,2501.0,390.0,3689.0,1559s,"{'SUBWAY', 'WALK'}"
0,23,41.859,-87.617,41.859,-87.617,1902,2231586,2026,4,26,,,,,,,
1,22,41.849,-87.624,41.885,-87.657,175,3630076,2026,4,25,1145.0,1105.0,5795.0,930.0,6940.0,2035s,"{'SUBWAY', 'WALK'}"
0,19,41.881,-87.633,41.893,-87.638,1870,1646151,2026,4,25,840.0,880.0,3762.0,720.0,4602.0,1569s,"{'SUBWAY', 'WALK'}"
2,1,41.893,-87.626,41.9,-87.632,76,3921215,2026,4,22,900.0,758.0,310.0,91.0,1210.0,856s,"{'BUS', 'WALK'}"
0,3,41.877,-87.622,41.877,-87.681,15,398451,2026,4,22,403.0,344.0,6019.0,1342.0,6422.0,1687s,"{'BUS', 'WALK'}"
1,17,41.77,-87.574,41.899,-87.752,1,3237993,2026,4,22,1303.0,1262.0,25086.0,2831.0,26389.0,5385s,"{'SUBWAY', 'BUS', 'WALK'}"
