group_id,walkDist,walkTime,transitDist,transitTime,totalDist,totalTime,modes
558837,1876,1570,22341,2247,24217,4565s,"{'WALK', 'SUBWAY', 'BUS'}"
1781137,1127,1072,9513,1825,10640,3134s,"{'WALK', 'SUBWAY', 'BUS'}"
3644133,769,664,4419,927,5188,1596s,"{'WALK', 'BUS'}"
1027110,455,383,1900,618,2355,1001s,"{'WALK', 'BUS'}"
847978,2294,1969,26154,2310,28448,4279s,"{'WALK', 'SUBWAY'}"
1117646,751,614,13553,1680,14304,2753s,"{'WALK', 'SUBWAY'}"
294798,1159,1081,2489,450,3648,1531s,"{'WALK', 'SUBWAY'}"
3352082,484,406,1748,433,2232,839s,"{'WALK', 'BUS'}"
809885,391,365,8389,1341,8780,2041s,"{'WALK', 'BUS'}"
543190,528,454,1673,316,2201,775s,"{'WALK', 'BUS'}"
3530315,,,,,,,
4279907,673,583,8493,1805,9166,2689s,"{'WALK', 'BUS'}"
4118870,2832,2500,12618,1350,15450,4398s,"{'WALK', 'SUBWAY', 'BUS'}"
3253434,1065,1033,2838,540,3903,1573s,"{'WALK', 'SUBWAY'}"
2250909,66,52,829,184,895,250s,"{'WALK', 'BUS'}"
3830324,330,273,1150,386,1480,661s,"{'WALK', 'BUS'}"
49784,936,934,6180,870,7116,1804s,"{'WALK', 'SUBWAY'}"
2136288,135,132,5572,1826,5707,2290s,"{'WALK', 'BUS'}"
2514565,1706,1474,32135,3504,33841,5392s,"{'WALK', 'SUBWAY', 'BUS'}"
1904227,918,805,6483,1917,7401,2722s,"{'WALK', 'BUS'}"
230528,1215,1015,5419,1046,6634,2565s,"{'WALK', 'BUS'}"
3320437,305,252,6713,1875,7018,2471s,"{'WALK', 'BUS'}"
2824564,792,677,5412,963,6204,2034s,"{'WALK', 'BUS'}"
697700,2166,1939,4304,570,6470,2509s,"{'WALK', 'SUBWAY'}"
65689,674,594,2544,762,3218,1357s,"{'WALK', 'BUS'}"
26299,569,471,2773,661,3342,1132s,"{'WALK', 'BUS'}"
4602985,490,589,4975,771,5465,1658s,"{'WALK', 'SUBWAY', 'BUS'}"
1528022,1201,1052,1980,581,3181,1633s,"{'WALK', 'BUS'}"
3821434,359,310,2490,771,2849,1084s,"{'WALK', 'BUS'}"
4440526,2279,1913,0,0,2279,1914s,{'WALK'}
49820,1220,1035,3128,773,4348,1828s,"{'WALK', 'BUS'}"
3804746,510,418,1482,368,1992,787s,"{'WALK', 'BUS'}"
152675,1280,1069,11479,1502,12759,2900s,"{'WALK', 'BUS'}"
527230,1495,1291,2535,500,4030,1792s,"{'WALK', 'BUS'}"
2635839,1625,1409,4144,510,5769,1919s,"{'WALK', 'SUBWAY'}"
664715,1051,908,2304,715,3355,1641s,"{'WALK', 'BUS'}"
1183769,791,665,10800,2643,11591,3314s,"{'WALK', 'BUS'}"
543167,433,374,2750,470,3183,845s,"{'WALK', 'BUS'}"
2324507,2079,1740,31293,3356,33372,5620s,"{'WALK', 'SUBWAY', 'BUS'}"
816755,569,488,3016,738,3585,1226s,"{'WALK', 'BUS'}"
179437,1039,893,9026,1535,10065,2662s,"{'WALK', 'BUS'}"
4060609,184,159,1625,291,1809,483s,"{'WALK', 'BUS'}"
3728739,1221,1047,13409,1965,14630,3012s,"{'WALK', 'BUS'}"
3547777,965,814,4809,1700,5774,2515s,"{'WALK', 'BUS'}"
1446611,1489,1291,27823,2867,29312,4621s,"{'WALK', 'SUBWAY', 'BUS'}"
67440,1248,1109,3559,570,4807,1680s,"{'WALK', 'SUBWAY'}"
1548241,1167,1043,12726,2213,13893,3957s,"{'WALK', 'SUBWAY', 'BUS'}"
2629785,1105,920,2576,811,3681,1732s,"{'WALK', 'BUS'}"
2468746,1776,1573,3473,420,5249,1995s,"{'WALK', 'SUBWAY'}"
2301410,715,593,1808,420,2523,1013s,"{'WALK', 'BUS'}"
1026481,556,460,1111,356,1667,822s,"{'WALK', 'BUS'}"
4911184,1758,1534,29128,3374,30886,5133s,"{'WALK', 'SUBWAY', 'BUS'}"
3129284,305,280,2726,667,3031,948s,"{'WALK', 'BUS'}"
51011,583,514,5673,1558,6256,2389s,"{'WALK', 'BUS'}"
407533,824,712,2194,490,3018,1202s,"{'WALK', 'BUS'}"
430851,1233,1054,1341,304,2574,1358s,"{'WALK', 'BUS'}"
4268538,965,872,437,183,1402,1055s,"{'WALK', 'BUS'}"
1645468,753,683,2623,720,3376,1614s,"{'WALK', 'SUBWAY', 'BUS'}"
4176218,1304,1098,5878,1492,7182,3103s,"{'WALK', 'BUS'}"
2381448,501,461,6580,1810,7081,2944s,"{'WALK', 'BUS'}"
59149,453,394,2605,724,3058,1118s,"{'WALK', 'BUS'}"
1773951,1326,1124,4287,1460,5613,2585s,"{'WALK', 'BUS'}"
941711,700,615,8741,1290,9441,1906s,"{'WALK', 'SUBWAY'}"
717510,1796,1533,16643,1667,18439,3790s,"{'WALK', 'SUBWAY', 'BUS'}"
4493075,630,565,1604,312,2234,877s,"{'WALK', 'BUS'}"
3357520,731,619,4362,1324,5093,1949s,"{'WALK', 'BUS'}"
643052,1112,1068,873,150,1985,1220s,"{'WALK', 'SUBWAY'}"
2257075,497,413,3875,1264,4372,1678s,"{'WALK', 'BUS'}"
1161166,401,333,4129,1496,4530,1829s,"{'WALK', 'BUS'}"
3395816,503,422,6240,1625,6743,2054s,"{'WALK', 'BUS'}"
2575854,846,709,798,156,1644,901s,"{'WALK', 'BUS'}"
1558972,1247,1059,5033,1387,6280,2448s,"{'WALK', 'BUS'}"
1940038,943,838,4173,1229,5116,2068s,"{'WALK', 'BUS'}"
2727420,1077,929,10258,1524,11335,2958s,"{'WALK', 'BUS'}"
4469328,1914,1663,41119,5042,43033,7666s,"{'WALK', 'SUBWAY', 'BUS'}"
4184974,1686,1454,0,0,1686,1454s,{'WALK'}
1682237,626,528,7813,2225,8439,2753s,"{'WALK', 'BUS'}"
619536,716,599,5121,953,5837,1609s,"{'WALK', 'BUS'}"
4114307,1040,915,3473,450,4513,1366s,"{'WALK', 'SUBWAY'}"
1014198,744,618,4663,1318,5407,2209s,"{'WALK', 'BUS'}"
300863,2054,1710,0,0,2054,1709s,{'WALK'}
1241144,1044,873,9936,2231,10980,3421s,"{'WALK', 'BUS'}"
2117668,1453,1360,1080,120,2533,1481s,"{'WALK', 'SUBWAY'}"
4663176,626,538,3910,942,4536,1797s,"{'WALK', 'BUS'}"
873550,834,689,11108,1099,11942,2482s,"{'WALK', 'HEAVY_RAIL', 'BUS'}"
2985455,1962,1751,24129,2220,26091,3973s,"{'WALK', 'SUBWAY'}"
1676074,2204,1866,4617,630,6821,2515s,"{'WALK', 'SUBWAY'}"
186539,1066,935,1825,466,2891,1402s,"{'WALK', 'BUS'}"
3086006,536,439,5982,963,6518,1403s,"{'WALK', 'BUS'}"
4342715,803,712,2188,483,2991,1195s,"{'WALK', 'BUS'}"
139162,,,,,,,
1396860,551,474,862,294,1413,795s,"{'WALK', 'BUS'}"
2296279,1280,1067,2444,660,3724,1741s,"{'WALK', 'BUS'}"
3956667,1404,1242,17611,2353,19015,3876s,"{'WALK', 'SUBWAY', 'BUS'}"
750522,510,431,7661,1571,8171,3130s,"{'WALK', 'BUS'}"
391534,1513,1451,7300,1278,8813,2974s,"{'WALK', 'SUBWAY', 'BUS'}"
3511707,1254,1174,4074,570,5328,1744s,"{'WALK', 'SUBWAY'}"
1157520,476,436,1118,411,1594,847s,"{'WALK', 'BUS'}"
1936747,682,623,929,344,1611,967s,"{'WALK', 'BUS'}"
1810719,1286,1092,1892,640,3178,1732s,"{'WALK', 'BUS'}"
3478767,401,336,1161,500,1562,895s,"{'WALK', 'BUS'}"
501680,1167,964,9391,1851,10558,2862s,"{'WALK', 'BUS'}"
2051355,1169,1166,20262,1980,21431,3652s,"{'WALK', 'SUBWAY', 'BUS'}"
1663042,1334,1095,2793,791,4127,1887s,"{'WALK', 'BUS'}"
4765606,404,374,669,193,1073,569s,"{'WALK', 'BUS'}"
1986859,1145,1032,10551,1983,11696,3240s,"{'WALK', 'SUBWAY', 'BUS'}"
1273955,2224,1884,28192,2730,30416,4615s,"{'WALK', 'SUBWAY'}"
3660928,539,449,5028,1246,5567,1696s,"{'WALK', 'BUS'}"
171937,957,1007,3866,805,4823,1963s,"{'WALK', 'SUBWAY', 'BUS'}"
2912290,1209,1157,13483,1411,14692,3375s,"{'WALK', 'SUBWAY', 'BUS'}"
2585383,686,575,2506,578,3192,1153s,"{'WALK', 'BUS'}"
1713205,766,677,14907,3574,15673,4746s,"{'WALK', 'BUS'}"
4400551,701,639,3968,1200,4669,2170s,"{'WALK', 'BUS'}"
4111023,597,523,2750,780,3347,1677s,"{'WALK', 'BUS'}"
3728913,650,562,2115,667,2765,1229s,"{'WALK', 'BUS'}"
4083603,282,271,5301,1193,5583,1846s,"{'WALK', 'BUS'}"
2247249,1188,1168,2504,360,3692,1529s,"{'WALK', 'SUBWAY'}"
321305,660,556,1632,412,2292,998s,"{'WALK', 'BUS'}"
1370685,710,591,3178,786,3888,1407s,"{'WALK', 'BUS'}"
2706239,1000,918,10139,1734,11139,3216s,"{'WALK', 'BUS'}"
5025853,1176,1099,10024,1495,11200,2845s,"{'WALK', 'SUBWAY', 'BUS'}"
1787362,1733,1554,28487,2790,30220,4345s,"{'WALK', 'SUBWAY'}"
1167550,719,618,1930,461,2649,1085s,"{'WALK', 'BUS'}"
2368121,1107,910,1588,270,2695,1181s,"{'WALK', 'SUBWAY'}"
1942346,415,377,413,111,828,547s,"{'WALK', 'BUS'}"
4090261,748,624,2688,611,3436,1260s,"{'WALK', 'BUS'}"
282851,1129,958,15717,3023,16846,4385s,"{'WALK', 'BUS'}"
5073070,1700,1455,31679,3808,33379,5575s,"{'WALK', 'SUBWAY', 'BUS'}"
1987645,869,708,2439,665,3308,1375s,"{'WALK', 'BUS'}"
234200,421,382,2608,692,3029,1530s,"{'WALK', 'BUS'}"
1360095,,,,,,,
3453649,419,350,10742,2622,11161,3476s,"{'WALK', 'BUS'}"
58618,257,252,1787,780,2044,1531s,"{'WALK', 'BUS'}"
4043115,1045,878,12706,2634,13751,3752s,"{'WALK', 'BUS'}"
1648577,1188,1168,2501,390,3689,1559s,"{'WALK', 'SUBWAY'}"
801942,867,706,6545,1470,7412,2536s,"{'WALK', 'BUS'}"
1658422,729,615,5528,1585,6257,2523s,"{'WALK', 'BUS'}"
1162980,630,565,1604,661,2234,1226s,"{'WALK', 'BUS'}"
2090185,989,851,13125,2229,14114,3081s,"{'WALK', 'BUS'}"
915314,535,479,801,237,1336,718s,"{'WALK', 'BUS'}"
426360,1413,1160,3737,863,5150,2024s,"{'WALK', 'BUS'}"
2120184,301,268,1621,400,1922,683s,"{'WALK', 'BUS'}"
2208196,792,649,8271,1614,9063,2508s,"{'WALK', 'BUS'}"
3070855,1741,1639,32031,3576,33772,5550s,"{'WALK', 'SUBWAY', 'BUS'}"
2575860,757,637,5200,1138,5957,1804s,"{'WALK', 'BUS'}"
3401977,1220,1174,5454,750,6674,1926s,"{'WALK', 'SUBWAY'}"
4012894,226,195,3336,1138,3562,1336s,"{'WALK', 'BUS'}"
4987013,412,342,1115,300,1527,643s,"{'WALK', 'BUS'}"
122650,1524,1264,21698,2691,23222,4467s,"{'WALK', 'SUBWAY', 'BUS'}"
2884311,446,390,798,120,1244,541s,"{'WALK', 'BUS'}"
50430,1130,936,14334,2060,15464,3572s,"{'WALK', 'SUBWAY', 'BUS'}"
1165356,570,492,1292,413,1862,934s,"{'WALK', 'BUS'}"
1039233,410,353,2918,548,3328,901s,"{'WALK', 'BUS'}"
2846323,1261,1189,22412,2070,23673,4024s,"{'WALK', 'SUBWAY', 'BUS'}"
2092980,912,806,2030,633,2942,1443s,"{'WALK', 'BUS'}"
2309099,990,884,3299,480,4289,1364s,"{'WALK', 'SUBWAY'}"
4273932,1652,1492,5080,600,6732,2092s,"{'WALK', 'SUBWAY'}"
1325674,1643,1366,29237,2999,30880,4776s,"{'WALK', 'SUBWAY', 'BUS'}"
504953,737,656,5842,1065,6579,2276s,"{'WALK', 'BUS'}"
53126,1440,1390,4511,450,5951,1840s,"{'WALK', 'SUBWAY'}"
74312,488,405,5647,1448,6135,2081s,"{'WALK', 'BUS'}"
2377180,503,454,13508,1924,14011,2614s,"{'WALK', 'BUS'}"
3781797,1334,1237,11967,1560,13301,2798s,"{'WALK', 'SUBWAY'}"
917065,388,314,8045,2815,8433,3129s,"{'WALK', 'BUS'}"
3854004,1357,1150,20883,2201,22240,3948s,"{'WALK', 'HEAVY_RAIL', 'BUS'}"
2491514,1662,1394,6106,1615,7768,3009s,"{'WALK', 'BUS'}"
324958,802,684,5225,1050,6027,2015s,"{'WALK', 'BUS'}"
3518706,1469,1218,21103,2116,22572,3917s,"{'WALK', 'SUBWAY', 'BUS'}"
4345600,643,562,5540,1224,6183,1836s,"{'WALK', 'BUS'}"
60926,775,661,3773,1079,4548,1741s,"{'WALK', 'BUS'}"
3613610,,,,,,,
2369972,460,404,1150,468,1610,873s,"{'WALK', 'BUS'}"
2450354,2014,1789,10633,780,12647,2569s,"{'WALK', 'SUBWAY'}"
2076754,1353,1124,8173,660,9526,1784s,"{'WALK', 'HEAVY_RAIL'}"
1280559,974,947,10203,1483,11177,2985s,"{'WALK', 'SUBWAY', 'BUS'}"
3406277,737,623,8257,2483,8994,3107s,"{'WALK', 'BUS'}"
2308283,1127,954,1880,604,3007,1592s,"{'WALK', 'BUS'}"
2912426,1037,954,862,282,1899,1263s,"{'WALK', 'BUS'}"
2115498,1192,996,3058,924,4250,1924s,"{'WALK', 'BUS'}"
907118,387,349,4805,1128,5192,1954s,"{'WALK', 'BUS'}"
1399056,944,806,2629,622,3573,1429s,"{'WALK', 'BUS'}"
648498,1544,1456,2235,240,3779,1694s,"{'WALK', 'SUBWAY'}"
4647108,588,509,2495,799,3083,1309s,"{'WALK', 'BUS'}"
184793,680,574,2756,543,3436,1390s,"{'WALK', 'SUBWAY', 'BUS'}"
323713,1046,932,6899,1847,7945,3056s,"{'WALK', 'BUS'}"
921159,489,416,3705,1487,4194,2199s,"{'WALK', 'BUS'}"
2263033,696,609,1717,586,2413,1195s,"{'WALK', 'BUS'}"
4123400,732,629,4942,932,5674,1936s,"{'WALK', 'BUS'}"
405387,680,718,8480,1279,9160,2717s,"{'WALK', 'SUBWAY', 'BUS'}"
2463637,1005,869,1252,325,2257,1196s,"{'WALK', 'BUS'}"
1801234,259,252,6506,1463,6765,1717s,"{'WALK', 'BUS'}"
3400094,470,391,5233,1264,5703,1656s,"{'WALK', 'BUS'}"
229756,383,322,4511,1070,4894,1416s,"{'WALK', 'BUS'}"
4658792,742,662,1895,717,2637,1771s,"{'WALK', 'BUS'}"
1978367,506,433,4827,1288,5333,1723s,"{'WALK', 'BUS'}"
1939923,594,520,844,299,1438,820s,"{'WALK', 'BUS'}"
2367719,650,555,4657,1012,5307,2248s,"{'WALK', 'BUS'}"
1503516,2147,1910,31430,3658,33577,5908s,"{'WALK', 'SUBWAY', 'BUS'}"
3647803,717,589,3646,1247,4363,1836s,"{'WALK', 'BUS'}"
2551044,715,769,864,90,1579,860s,"{'WALK', 'SUBWAY'}"
2399959,1072,930,8870,1677,9942,3215s,"{'WALK', 'BUS'}"
2768876,1520,1333,30437,2940,31957,4532s,"{'WALK', 'SUBWAY'}"
574367,824,687,0,0,824,687s,{'WALK'}
2055828,1126,916,13412,2027,14538,3221s,"{'WALK', 'SUBWAY', 'BUS'}"
268109,1086,907,0,0,1086,906s,{'WALK'}
1794995,549,496,2355,806,2904,1305s,"{'WALK', 'BUS'}"
355662,1387,1210,29740,3351,31127,5205s,"{'WALK', 'SUBWAY', 'BUS'}"
2391469,994,865,2485,650,3479,1531s,"{'WALK', 'BUS'}"
3847789,1467,1357,7717,1110,9184,2953s,"{'WALK', 'SUBWAY'}"
1489273,817,695,3775,758,4592,1903s,"{'WALK', 'BUS'}"
2101201,187,174,1892,856,2079,1031s,"{'WALK', 'BUS'}"
772364,1521,1343,21676,2512,23197,4219s,"{'WALK', 'SUBWAY', 'BUS'}"
3385737,559,470,9489,2626,10048,3420s,"{'WALK', 'BUS'}"
2514509,1397,1187,39122,3779,40519,5589s,"{'WALK', 'SUBWAY', 'BUS'}"
1646129,746,773,1848,240,2594,1013s,"{'WALK', 'SUBWAY'}"
2789151,835,769,7588,1152,8423,2352s,"{'WALK', 'BUS'}"
861010,1240,1046,4944,694,6184,2311s,"{'WALK', 'BUS'}"
543255,823,687,667,132,1490,820s,"{'WALK', 'BUS'}"
4832262,1036,884,1714,392,2750,1288s,"{'WALK', 'BUS'}"
2028069,,,,,,,
4423701,1407,1150,8300,1080,9707,2229s,"{'WALK', 'SUBWAY'}"
85522,626,518,2859,787,3485,1316s,"{'WALK', 'BUS'}"
4006111,922,899,3336,769,4258,2000s,"{'WALK', 'SUBWAY', 'BUS'}"
2576849,1287,1180,2563,582,3850,2131s,"{'WALK', 'BUS'}"
245351,4356,3587,10277,780,14633,4698s,"{'WALK', 'SUBWAY', 'TRAM'}"
4565308,440,380,1712,538,2152,920s,"{'WALK', 'BUS'}"
3918893,1411,1184,4248,1360,5659,2545s,"{'WALK', 'BUS'}"
1980742,580,469,7092,2244,7672,2726s,"{'WALK', 'BUS'}"
4356335,586,500,2344,420,2930,924s,"{'WALK', 'BUS'}"
430054,1006,840,3758,920,4764,1765s,"{'WALK', 'BUS'}"
301014,1642,1527,7106,990,8748,2521s,"{'WALK', 'SUBWAY'}"
711469,2605,2347,31073,3256,33678,5847s,"{'WALK', 'SUBWAY', 'BUS'}"
1717927,885,750,1620,649,2505,1404s,"{'WALK', 'BUS'}"
939799,512,415,10900,2061,11412,3176s,"{'WALK', 'SUBWAY', 'BUS'}"
2291781,1156,1103,6524,870,7680,1973s,"{'WALK', 'SUBWAY'}"
3594047,517,478,5488,1141,6005,1881s,"{'WALK', 'BUS'}"
435891,1192,1041,7846,1080,9038,2122s,"{'WALK', 'SUBWAY'}"
2910803,733,581,3451,932,4184,1514s,"{'WALK', 'BUS'}"
1786426,910,794,3622,1116,4532,2272s,"{'WALK', 'BUS'}"
4040529,514,468,4169,1030,4683,1833s,"{'WALK', 'BUS'}"
4012369,1014,962,1597,240,2611,1204s,"{'WALK', 'SUBWAY'}"
4266499,832,714,5952,1376,6784,2421s,"{'WALK', 'BUS'}"
20639,816,672,2320,485,3136,1158s,"{'WALK', 'BUS'}"
3193866,370,314,446,130,816,446s,"{'WALK', 'BUS'}"
5034681,2294,1969,26154,2310,28448,4279s,"{'WALK', 'SUBWAY'}"
2314776,1106,924,1821,466,2927,1392s,"{'WALK', 'BUS'}"
3407142,1429,1232,1586,170,3015,1404s,"{'WALK', 'BUS'}"
403515,294,285,7463,1649,7757,2412s,"{'WALK', 'BUS'}"
2576174,832,725,2734,623,3566,1357s,"{'WALK', 'BUS'}"
905028,300,260,5839,1016,6139,1749s,"{'WALK', 'BUS'}"
4216719,765,638,2257,355,3022,1029s,"{'WALK', 'BUS'}"
843168,688,581,7022,956,7710,1537s,"{'WALK', 'BUS'}"
3559942,540,456,5688,1949,6228,2465s,"{'WALK', 'BUS'}"
1542988,904,873,5079,570,5983,1450s,"{'WALK', 'SUBWAY'}"
2083205,567,494,1138,364,1705,859s,"{'WALK', 'BUS'}"
2865548,591,616,13916,2080,14507,2916s,"{'WALK', 'SUBWAY', 'BUS'}"
1026446,683,566,6715,1387,7398,1960s,"{'WALK', 'BUS'}"
2209500,981,832,18888,2920,19869,3966s,"{'WALK', 'BUS'}"
1325669,1520,1333,30395,3000,31915,4622s,"{'WALK', 'SUBWAY'}"
3915561,1112,1068,873,150,1985,1220s,"{'WALK', 'SUBWAY'}"
175903,655,574,1259,248,1914,822s,"{'WALK', 'BUS'}"
2860277,1034,988,15613,2160,16647,3493s,"{'WALK', 'SUBWAY'}"
5019343,506,439,5918,1662,6424,2101s,"{'WALK', 'BUS'}"
3341668,1516,1261,5304,1583,6820,2844s,"{'WALK', 'BUS'}"
1176998,1869,1603,1636,240,3505,1844s,"{'WALK', 'SUBWAY'}"
1027105,404,337,1942,614,2346,951s,"{'WALK', 'BUS'}"
5034847,1696,1424,21292,2312,22988,4253s,"{'WALK', 'SUBWAY', 'BUS'}"
3877305,2765,2334,26195,2310,28960,4644s,"{'WALK', 'SUBWAY'}"
2461862,288,254,1249,424,1537,680s,"{'WALK', 'BUS'}"
5090605,1594,1318,403,82,1997,1401s,"{'WALK', 'BUS'}"
3404918,652,563,4499,1226,5151,1790s,"{'WALK', 'BUS'}"
1385188,1531,1396,9534,1320,11065,2717s,"{'WALK', 'SUBWAY'}"
2235853,1041,872,764,158,1805,1031s,"{'WALK', 'BUS'}"
1222525,823,688,7591,1411,8414,2687s,"{'WALK', 'BUS'}"
1797758,426,359,2555,903,2981,1297s,"{'WALK', 'BUS'}"
1782851,1075,916,973,253,2048,1171s,"{'WALK', 'BUS'}"
1040746,633,545,1963,345,2596,890s,"{'WALK', 'BUS'}"
4997915,,,,,,,
816276,551,474,862,242,1413,743s,"{'WALK', 'BUS'}"
1134247,1130,1016,6879,1698,8009,2709s,"{'WALK', 'BUS'}"
842210,819,699,20013,3863,20832,5061s,"{'WALK', 'BUS'}"
1254803,1815,1600,17899,2280,19714,3880s,"{'WALK', 'SUBWAY'}"
3188937,639,542,5426,1420,6065,1981s,"{'WALK', 'BUS'}"
163855,646,564,8766,1873,9412,2929s,"{'WALK', 'BUS'}"
180455,1141,1018,768,90,1909,1109s,"{'WALK', 'SUBWAY'}"
3016941,602,572,9707,1664,10309,2798s,"{'WALK', 'BUS'}"
4878756,1292,1114,11139,2132,12431,3736s,"{'WALK', 'BUS'}"
60994,1776,1573,3473,420,5249,1995s,"{'WALK', 'SUBWAY'}"
1649767,,,,,,,
473538,1631,1352,18417,3101,20048,4452s,"{'WALK', 'BUS'}"
4638449,966,810,19996,2040,20962,3192s,"{'WALK', 'SUBWAY', 'BUS'}"
2657869,775,757,1241,180,2016,941s,"{'WALK', 'SUBWAY'}"
1139269,527,452,12895,2747,13422,3821s,"{'WALK', 'BUS'}"
310227,1259,1074,4791,1185,6050,2705s,"{'WALK', 'BUS'}"
3934323,382,313,4282,1142,4664,1457s,"{'WALK', 'BUS'}"
1929489,646,553,2145,861,2791,1415s,"{'WALK', 'BUS'}"
2095203,932,904,27616,3433,28548,5130s,"{'WALK', 'SUBWAY', 'BUS'}"
4175008,1417,1386,4505,450,5922,1836s,"{'WALK', 'SUBWAY'}"
2864598,628,572,0,0,628,573s,{'WALK'}
2794343,724,763,7250,1015,7974,2295s,"{'WALK', 'SUBWAY', 'BUS'}"
1057173,917,793,7525,1305,8442,2534s,"{'WALK', 'SUBWAY', 'BUS'}"
1039833,609,528,3655,1063,4264,1592s,"{'WALK', 'BUS'}"
2144419,839,707,389,104,1228,825s,"{'WALK', 'BUS'}"
4371893,1628,1380,1443,380,3071,1763s,"{'WALK', 'BUS'}"
2717467,784,786,2343,360,3127,1148s,"{'WALK', 'SUBWAY'}"
1573548,2059,1757,26920,2472,28979,4665s,"{'WALK', 'SUBWAY', 'BUS'}"
1931597,513,432,1508,317,2021,1119s,"{'WALK', 'BUS'}"
1946011,791,710,5620,1084,6411,2180s,"{'WALK', 'SUBWAY', 'BUS'}"
4151157,3791,3147,6095,450,9886,3597s,"{'WALK', 'SUBWAY'}"
2244805,866,812,4191,780,5057,1593s,"{'WALK', 'SUBWAY'}"
4764278,1546,1341,29166,3584,30712,5152s,"{'WALK', 'SUBWAY', 'BUS'}"
1260164,3516,3038,28883,3289,32399,7322s,"{'WALK', 'SUBWAY', 'BUS'}"
924804,565,497,2839,961,3404,1458s,"{'WALK', 'BUS'}"
1619962,1095,1034,12414,1590,13509,2625s,"{'WALK', 'SUBWAY'}"
1444753,1320,1128,6920,1486,8240,2614s,"{'WALK', 'BUS'}"
2860863,1084,924,2979,678,4063,1602s,"{'WALK', 'BUS'}"
58800,461,388,5714,1534,6175,1924s,"{'WALK', 'BUS'}"
1909507,2158,1833,6546,1128,8704,3528s,"{'WALK', 'BUS'}"
355667,1581,1378,29546,3294,31127,5316s,"{'WALK', 'SUBWAY', 'BUS'}"
3080722,923,774,3863,768,4786,1543s,"{'WALK', 'BUS'}"
2062265,1140,975,986,145,2126,1120s,"{'WALK', 'BUS'}"
32719,1559,1306,2934,554,4493,1860s,"{'WALK', 'BUS'}"
5073387,791,798,19784,2781,20575,4039s,"{'WALK', 'SUBWAY', 'BUS'}"
809062,856,742,2643,739,3499,1481s,"{'WALK', 'BUS'}"
4897737,318,267,12206,3141,12524,3895s,"{'WALK', 'BUS'}"
1773940,965,814,4809,1690,5774,2505s,"{'WALK', 'BUS'}"
4493312,1339,1078,3185,510,4524,1589s,"{'WALK', 'SUBWAY'}"
320908,630,528,0,0,630,528s,{'WALK'}
23477,1151,979,7386,1646,8537,2625s,"{'WALK', 'BUS'}"
3260112,760,654,892,272,1652,927s,"{'WALK', 'BUS'}"
177037,939,841,5047,936,5986,1777s,"{'WALK', 'BUS'}"
623040,931,782,7087,1165,8018,3228s,"{'WALK', 'BUS'}"
4785175,522,453,2499,660,3021,1874s,"{'WALK', 'BUS'}"
1515798,784,766,2343,240,3127,1007s,"{'WALK', 'SUBWAY'}"
1844651,921,812,5343,1614,6264,2427s,"{'WALK', 'BUS'}"
2416495,688,604,6048,1310,6736,2523s,"{'WALK', 'BUS'}"
1322694,810,835,12539,1967,13349,3216s,"{'WALK', 'SUBWAY', 'BUS'}"
4811723,1159,982,4615,1596,5774,2579s,"{'WALK', 'BUS'}"
1065911,1355,1226,6860,720,8215,1947s,"{'WALK', 'SUBWAY'}"
1513583,387,349,4805,1264,5192,1991s,"{'WALK', 'BUS'}"
3838062,646,541,4776,1075,5422,2003s,"{'WALK', 'BUS'}"
49840,571,524,5442,1330,6013,2171s,"{'WALK', 'BUS'}"
1657069,1105,948,3109,845,4214,1793s,"{'WALK', 'BUS'}"
4221844,568,654,2269,240,2837,895s,"{'WALK', 'SUBWAY'}"
1166646,1236,1044,1644,397,2880,1446s,"{'WALK', 'BUS'}"
819983,905,916,4761,910,5666,2235s,"{'WALK', 'SUBWAY', 'BUS'}"
4339493,907,766,0,0,907,766s,{'WALK'}
3486277,816,719,1286,432,2102,1152s,"{'WALK', 'BUS'}"
2863068,1037,995,1597,240,2634,1237s,"{'WALK', 'SUBWAY'}"
4821408,993,903,0,0,993,903s,{'WALK'}
2782457,818,704,3923,582,4741,2004s,"{'WALK', 'BUS'}"
2127019,773,776,6534,1771,7307,2836s,"{'WALK', 'SUBWAY', 'BUS'}"
1420733,811,707,7731,1547,8542,2256s,"{'WALK', 'BUS'}"
65650,899,715,4989,1751,5888,2467s,"{'WALK', 'BUS'}"
148840,789,660,1157,197,1946,881s,"{'WALK', 'BUS'}"
1926728,954,809,4780,1210,5734,2019s,"{'WALK', 'BUS'}"
4934586,920,766,3977,1474,4897,2240s,"{'WALK', 'BUS'}"
2274898,842,736,6764,1877,7606,2942s,"{'WALK', 'BUS'}"
544248,1312,1108,7224,1366,8536,3068s,"{'WALK', 'BUS'}"
1692150,713,599,7083,2006,7796,3116s,"{'WALK', 'BUS'}"
4259723,1145,1105,5795,930,6940,2035s,"{'WALK', 'SUBWAY'}"
1754505,959,821,11072,1819,12031,2637s,"{'WALK', 'BUS'}"
4665055,802,675,2989,655,3791,1665s,"{'WALK', 'BUS'}"
23156,1081,1081,13129,1834,14210,3214s,"{'WALK', 'SUBWAY', 'BUS'}"
423638,1172,1012,8084,1555,9256,2568s,"{'WALK', 'BUS'}"
3330426,615,505,4502,1189,5117,1704s,"{'WALK', 'BUS'}"
4993772,667,604,4890,538,5557,1477s,"{'WALK', 'SUBWAY', 'BUS'}"
1789606,1185,996,1441,377,2626,1377s,"{'WALK', 'BUS'}"
1675907,1839,1638,3482,330,5321,1970s,"{'WALK', 'SUBWAY'}"
2099446,834,738,2070,788,2904,1527s,"{'WALK', 'BUS'}"
3802071,1045,988,19988,2127,21033,3976s,"{'WALK', 'SUBWAY', 'BUS'}"
203980,1521,1329,5893,600,7414,1931s,"{'WALK', 'SUBWAY'}"
3671514,695,581,5392,1568,6087,2154s,"{'WALK', 'BUS'}"
3551646,962,960,12639,2345,13601,3688s,"{'WALK', 'SUBWAY', 'BUS'}"
1029239,705,639,0,0,705,639s,{'WALK'}
243313,1936,1602,23295,2766,25231,5136s,"{'WALK', 'SUBWAY', 'BUS'}"
731144,553,478,1492,219,2045,701s,"{'WALK', 'BUS'}"
3403580,759,667,1527,647,2286,1314s,"{'WALK', 'BUS'}"
3277006,322,278,7987,1559,8309,2364s,"{'WALK', 'BUS'}"
1397885,1126,969,10832,2050,11958,3379s,"{'WALK', 'BUS'}"
3841477,591,536,3583,1006,4174,1555s,"{'WALK', 'BUS'}"
1847105,901,865,4550,830,5451,2074s,"{'WALK', 'SUBWAY', 'BUS'}"
3330744,552,479,1593,632,2145,1113s,"{'WALK', 'BUS'}"
1518196,821,670,1286,512,2107,1182s,"{'WALK', 'BUS'}"
1627555,721,629,6322,1389,7043,2254s,"{'WALK', 'BUS'}"
448129,731,646,2503,360,3234,1006s,"{'WALK', 'SUBWAY'}"
2414483,637,524,2688,1154,3325,1678s,"{'WALK', 'BUS'}"
2325852,470,403,9092,1844,9562,2587s,"{'WALK', 'BUS'}"
4791531,1565,1290,28962,2848,30527,4497s,"{'WALK', 'SUBWAY', 'BUS'}"
818596,730,614,2853,608,3583,1227s,"{'WALK', 'BUS'}"
1455093,924,923,17547,2506,18471,3736s,"{'WALK', 'SUBWAY', 'BUS'}"
1948757,470,392,9403,2833,9873,3227s,"{'WALK', 'BUS'}"
4004710,746,773,1848,270,2594,1043s,"{'WALK', 'SUBWAY'}"
2963494,1522,1395,6362,1008,7884,3050s,"{'WALK', 'SUBWAY', 'BUS'}"
1522548,810,693,3752,976,4562,1669s,"{'WALK', 'BUS'}"
758256,632,578,0,0,632,578s,{'WALK'}
1663934,805,710,11034,2622,11839,3778s,"{'WALK', 'BUS'}"
3866798,346,284,4282,1020,4628,1305s,"{'WALK', 'BUS'}"
1367689,1148,948,5462,1230,6610,2177s,"{'WALK', 'BUS'}"
4585883,2184,1867,27643,3518,29827,5595s,"{'WALK', 'HEAVY_RAIL', 'BUS'}"
4206435,1058,870,0,0,1058,870s,{'WALK'}
4943831,749,810,8429,1309,9178,2567s,"{'WALK', 'SUBWAY', 'BUS'}"
63185,785,652,3926,1099,4711,1760s,"{'WALK', 'BUS'}"
2467412,841,732,1149,350,1990,1083s,"{'WALK', 'BUS'}"
1890675,957,815,14732,1954,15689,3228s,"{'WALK', 'BUS'}"
3952413,1141,1100,9356,1380,10497,2966s,"{'WALK', 'SUBWAY'}"
2309684,924,782,14556,3192,15480,4757s,"{'WALK', 'BUS'}"
4874198,550,454,12783,3452,13333,3930s,"{'WALK', 'BUS'}"
4465479,2887,2432,0,0,2887,2432s,{'WALK'}
2210796,884,725,7957,1615,8841,2795s,"{'WALK', 'BUS'}"
187983,811,702,708,199,1519,902s,"{'WALK', 'BUS'}"
914193,569,488,3016,738,3585,1226s,"{'WALK', 'BUS'}"
2276353,1276,1232,2391,210,3667,1442s,"{'WALK', 'SUBWAY'}"
1701556,856,743,14369,3763,15225,4969s,"{'WALK', 'BUS'}"
53754,625,524,2956,1095,3581,1622s,"{'WALK', 'BUS'}"
809058,704,583,809,232,1513,815s,"{'WALK', 'BUS'}"
4318123,1327,1127,6060,1084,7387,2246s,"{'WALK', 'BUS'}"
4379719,320,407,8370,1050,8690,1457s,"{'WALK', 'SUBWAY'}"
3478757,744,745,7305,1672,8049,2763s,"{'WALK', 'SUBWAY', 'BUS'}"
1407888,545,584,6788,1427,7333,2612s,"{'WALK', 'SUBWAY', 'BUS'}"
3646268,768,732,6185,1055,6953,2052s,"{'WALK', 'SUBWAY', 'BUS'}"
3614564,923,836,14260,2096,15183,3491s,"{'WALK', 'BUS'}"
463671,1710,1475,28958,2640,30668,4382s,"{'WALK', 'SUBWAY'}"
4511375,2415,2054,12910,1050,15325,3106s,"{'WALK', 'SUBWAY'}"
4469353,2066,1909,42835,5099,44901,7252s,"{'WALK', 'SUBWAY', 'BUS'}"
2635741,1366,1109,3076,821,4442,1931s,"{'WALK', 'BUS'}"
911951,901,787,3109,616,4010,1403s,"{'WALK', 'BUS'}"
4038922,1165,1131,6398,900,7563,2032s,"{'WALK', 'SUBWAY'}"
2325951,579,497,0,0,579,497s,{'WALK'}
96668,574,475,1646,412,2220,887s,"{'WALK', 'BUS'}"
1139985,1088,924,4589,1568,5677,2493s,"{'WALK', 'BUS'}"
2467363,818,694,1590,270,2408,964s,"{'WALK', 'SUBWAY'}"
330103,1118,1017,1997,300,3115,1317s,"{'WALK', 'SUBWAY'}"
2008403,350,301,1783,588,2133,914s,"{'WALK', 'BUS'}"
865266,1921,1583,11421,1724,13342,3667s,"{'WALK', 'HEAVY_RAIL', 'BUS'}"
1136308,1655,1547,15337,1950,16992,3748s,"{'WALK', 'SUBWAY'}"
1719494,492,538,12398,2207,12890,3401s,"{'WALK', 'SUBWAY', 'BUS'}"
1315650,873,749,4083,989,4956,1739s,"{'WALK', 'BUS'}"
402719,1168,1109,5795,840,6963,1950s,"{'WALK', 'SUBWAY'}"
4021685,492,410,0,0,492,411s,{'WALK'}
2630140,1183,1125,2253,330,3436,1455s,"{'WALK', 'SUBWAY'}"
4359536,1583,1443,5748,600,7331,2043s,"{'WALK', 'SUBWAY'}"
1128285,1092,916,2652,494,3744,1411s,"{'WALK', 'BUS'}"
1524960,1057,986,3588,647,4645,1890s,"{'WALK', 'SUBWAY', 'BUS'}"
3733995,700,580,3595,1035,4295,1625s,"{'WALK', 'BUS'}"
4746683,997,937,12175,1434,13172,2767s,"{'WALK', 'SUBWAY', 'BUS'}"
3251095,452,408,6490,1748,6942,2534s,"{'WALK', 'BUS'}"
504872,1776,1496,1936,404,3712,1903s,"{'WALK', 'BUS'}"
3064499,1067,917,14503,2539,15570,3978s,"{'WALK', 'BUS'}"
421956,1102,959,4007,997,5109,2335s,"{'WALK', 'BUS'}"
2100680,658,538,2444,572,3102,1138s,"{'WALK', 'BUS'}"
428712,764,883,18055,1932,18819,3469s,"{'WALK', 'SUBWAY', 'BUS'}"
1404235,881,755,2617,659,3498,1414s,"{'WALK', 'BUS'}"
4876256,458,405,2305,965,2763,1371s,"{'WALK', 'BUS'}"
130556,570,484,3246,821,3816,1306s,"{'WALK', 'BUS'}"
1654075,562,483,2793,815,3355,1554s,"{'WALK', 'BUS'}"
116743,345,304,2162,582,2507,887s,"{'WALK', 'BUS'}"
102181,983,821,1047,321,2030,1176s,"{'WALK', 'BUS'}"
122995,599,509,400,84,999,637s,"{'WALK', 'BUS'}"
964488,674,588,13498,2382,14172,2971s,"{'WALK', 'BUS'}"
2866884,879,744,7862,1170,8741,3521s,"{'WALK', 'BUS'}"
3763268,750,626,7047,1604,7797,2513s,"{'WALK', 'BUS'}"
469442,419,365,1838,427,2257,794s,"{'WALK', 'BUS'}"
50971,746,773,1848,270,2594,1043s,"{'WALK', 'SUBWAY'}"
3728084,526,476,4597,1731,5123,2501s,"{'WALK', 'BUS'}"
225621,1220,1114,4857,690,6077,1804s,"{'WALK', 'SUBWAY'}"
1157252,670,579,8135,1066,8805,1939s,"{'WALK', 'SUBWAY', 'BUS'}"
1143807,462,379,10678,1936,11140,2647s,"{'WALK', 'BUS'}"
1824682,1161,1046,4531,510,5692,1556s,"{'WALK', 'SUBWAY'}"
3200389,884,760,2016,562,2900,1356s,"{'WALK', 'BUS'}"
3196651,501,461,6580,1635,7081,2365s,"{'WALK', 'BUS'}"
1815756,593,540,2187,494,2780,1035s,"{'WALK', 'BUS'}"
2892724,598,626,17973,2310,18571,3826s,"{'WALK', 'SUBWAY'}"
2079228,1300,1098,1684,411,2984,1510s,"{'WALK', 'BUS'}"
1270751,498,431,1356,403,1854,836s,"{'WALK', 'BUS'}"
3249669,428,375,2285,521,2713,928s,"{'WALK', 'BUS'}"
2322731,407,332,2851,788,3258,1129s,"{'WALK', 'BUS'}"
307264,727,617,892,252,1619,870s,"{'WALK', 'BUS'}"
4761141,711,634,1723,763,2434,1398s,"{'WALK', 'BUS'}"
74601,377,324,4191,1273,4568,1938s,"{'WALK', 'BUS'}"
355654,2362,1902,27785,2460,30147,4364s,"{'WALK', 'SUBWAY'}"
3836979,446,433,4682,997,5128,1962s,"{'WALK', 'BUS'}"
2050108,847,695,1532,326,2379,1022s,"{'WALK', 'BUS'}"
4470503,1741,1639,32031,3401,33772,5283s,"{'WALK', 'SUBWAY', 'BUS'}"
3284997,283,279,5060,1184,5343,1717s,"{'WALK', 'BUS'}"
1253785,1567,1322,5620,1586,7187,2910s,"{'WALK', 'BUS'}"
3878285,608,503,15605,3397,16213,4274s,"{'WALK', 'BUS'}"
758244,455,414,3477,780,3932,1630s,"{'WALK', 'BUS'}"
3676565,847,858,3662,420,4509,1278s,"{'WALK', 'SUBWAY'}"
3466295,1377,1177,5100,1087,6477,2264s,"{'WALK', 'BUS'}"
2100335,1063,904,1722,609,2785,1514s,"{'WALK', 'BUS'}"
44722,662,573,2888,817,3550,1391s,"{'WALK', 'BUS'}"
802956,1534,1295,7456,1821,8990,3443s,"{'WALK', 'BUS'}"
2255594,595,601,5219,766,5814,1613s,"{'WALK', 'SUBWAY', 'BUS'}"
3831633,1053,866,2854,1053,3907,1919s,"{'WALK', 'BUS'}"
71638,1423,1319,23510,2580,24933,4129s,"{'WALK', 'SUBWAY'}"
2307492,957,832,4266,1119,5223,1978s,"{'WALK', 'BUS'}"
2996520,1035,927,20972,2255,22007,4023s,"{'WALK', 'SUBWAY', 'BUS'}"
3756944,1131,1069,12535,2149,13666,4204s,"{'WALK', 'SUBWAY', 'BUS'}"
2081966,430,357,3830,1357,4260,1719s,"{'WALK', 'BUS'}"
